TRANSNR;LOTNT;MARKS;MARKS2;REF;REF2;BAGMARK;GRADE-GR;BAGSNR;WEIGHT-Kgr;SALENO;BAGSBOUGHTNR;WEIGHTBOUGHT-Kgr;BUYERCODE;PRICE;SEATNR;AUCTCODE;STATUS;ISODATE;SEASON;VALUE
1;2701;42MU0008/KUIRI/XBB072F02;42MU0008/KUIRI/XBB072F02/;XBB072F02;XBB072F02;42MU0008;C;12;743;30;12;743;78;171;78;25;2;05-Sep-17;2016-2017;2541.06
2;2702;43MU0020/NTONGORO-FCS/XBB0042F01;43MU0020/NTONGORO-FCS/XBB0042F01/;XBB0042F01;XBB0042F01;43MU0020;C;23;1402;30;23;1402;78;193;78;25;2;05-Sep-17;2016-2017;5411.72
3;2703;44MU0001/NDULUMA/XBA038F01;44MU0001/NDULUMA/XBA038F01/;XBA038F01;XBA038F01;44MU0001;C;34;2087;30;34;2087;39;180;39;25;2;05-Sep-17;2016-2017;7513.2
4;2704;44MU0006/MBARANGA/XBA038;44MU0006/MBARANGA/XBA038/;XBA038;XBA038;44MU0006;C;40;2458;30;40;2458;78;150;78;25;2;05-Sep-17;2016-2017;7374
5;2705;44MU0017/KALITHIRIA FCS/XBA033;44MU0017/KALITHIRIAFCS/XBA033/;XBA033;XBA033;44MU0017;C;27;1676;30;27;1676;47;174;47;25;2;05-Sep-17;2016-2017;5832.48
6;2706;46MU0041/MBARANGA/XBA038;46MU0041/MBARANGA/XBA038/;XBA038;XBA038;46MU0041;C;21;1299;30;21;1299;78;160;78;25;2;05-Sep-17;2016-2017;4156.8
7;2707;46MU1004/PARCHMENT BULK/PBULK;46MU1004/PARCHMENTBULK/PBULK/;PBULK;PBULK;46MU1004;C;50;3055;30;50;3055;238;207;57;25;2;05-Sep-17;2016-2017;12647.7
8;2708;43MU0011/GATURINE/XBB070F02;43MU0011/GATURINE/XBB070F02/;XBB070F02;XBB070F02;43MU0011;C;8;491;30;8;491;47;242;47;25;2;05-Sep-17;2016-2017;2376.44
9;2709;43MU0033/NKUMARI/XBB069F02;43MU0033/NKUMARI/XBB069F02/;XBB069F02;XBB069F02;43MU0033;C;14;840;30;14;840;209;161;7;25;2;05-Sep-17;2016-2017;2704.8
10;2710;44MU0004/ITHIMA/XBB005F03;44MU0004/ITHIMA/XBB005F03/;XBB005F03;XBB005F03;44MU0004;C;39;2363;30;39;2363;39;242;39;25;2;05-Sep-17;2016-2017;11436.92
11;2711;44MU0012/TIGIJI/XBB009F2;44MU0012/TIGIJI/XBB009F2/;XBB009F2;XBB009F2;44MU0012;C;23;1380;30;23;1380;238;227;57;25;2;05-Sep-17;2016-2017;6265.2
12;2712;44MU0035/KIGARI-RIGIRI/XBB044F02;44MU0035/KIGARI-RIGIRI/XBB044F02/;XBB044F02;XBB044F02;44MU0035;C;18;1103;30;18;1103;47;245;47;25;2;05-Sep-17;2016-2017;5404.7
13;2713;43MU0021/NTONGORO-FCS/XBB0042F01;43MU0021/NTONGORO-FCS/XBB0042F01/;XBB0042F01;XBB0042F01;43MU0021;C;29;1778;30;29;1778;39;244;39;25;2;05-Sep-17;2016-2017;8676.64
14;2714;45MU0014/KIERU/XBB067F01;45MU0014/KIERU/XBB067F01/;XBB067F01;XBB067F01;45MU0014;C;17;1041;30;17;1041;47;250;47;25;2;05-Sep-17;2016-2017;5205
15;2715;44MU0030/KIGARI-THAGU/XBB044F03;44MU0030/KIGARI-THAGU/XBB044F03/;XBB044F03;XBB044F03;44MU0030;C;13;827;30;13;827;47;253;47;25;2;05-Sep-17;2016-2017;4184.62
16;2716;45MU0005/KINORO/XBB044F01;45MU0005/KINORO/XBB044F01/;XBB044F01;XBB044F01;45MU0005;C;15;900;30;15;900;149;253;44;25;2;05-Sep-17;2016-2017;4554
17;2717;45MU0017/NTEMWENE/XBB067F03;45MU0017/NTEMWENE/XBB067F03/;XBB067F03;XBB067F03;45MU0017;C;25;1557;30;25;1557;47;258;47;25;2;05-Sep-17;2016-2017;8034.12
18;2718;43MU0020/NTONGORO-FCS/XBB0042F01;43MU0020/NTONGORO-FCS/XBB0042F01/;XBB0042F01;XBB0042F01;43MU0020;AB;11;703;30;11;703;238;263;57;25;1;05-Sep-17;2016-2017;3697.78
19;2719;44MU0001/NDULUMA/XBA038F01;44MU0001/NDULUMA/XBA038F01/;XBA038F01;XBA038F01;44MU0001;AB;18;1091;30;18;1091;149;204;44;25;2;05-Sep-17;2016-2017;4451.28
20;2720;44MU0002/ITHIMA/XBB005F03;44MU0002/ITHIMA/XBB005F03/;XBB005F03;XBB005F03;44MU0002;AB;6;396;30;6;396;149;205;44;25;2;05-Sep-17;2016-2017;1623.6
21;2722;44MU0017/KALITHIRIA FCS/XBA033;44MU0017/KALITHIRIAFCS/XBA033/;XBA033;XBA033;44MU0017;AB;17;1023;30;17;1023;74;199;74;25;2;05-Sep-17;2016-2017;4071.54
22;2723;45MU1002/PARCHMENT BULK/PBULK;45MU1002/PARCHMENTBULK/PBULK/;PBULK;PBULK;45MU1002;AB;6;363;30;6;363;39;149;39;25;2;05-Sep-17;2016-2017;1081.74
23;2721;44MU0006/MBARANGA/XBA038;44MU0006/MBARANGA/XBA038/;XBA038;XBA038;44MU0006;AB;28;1727;30;28;1727;74;170;74;25;2;05-Sep-17;2016-2017;5871.8
24;2725;46MU1002/PARCHMENT BULK/PBULK;46MU1002/PARCHMENTBULK/PBULK/;PBULK;PBULK;46MU1002;AB;10;646;30;10;646;238;207;57;25;2;05-Sep-17;2016-2017;2674.44
25;2724;46MU0041/MBARANGA/XBA038;46MU0041/MBARANGA/XBA038/;XBA038;XBA038;46MU0041;AB;26;1586;30;26;1586;39;193;39;25;2;05-Sep-17;2016-2017;6121.96
26;2726;46MU1003/PARCHMENT BULK/PBULK;46MU1003/PARCHMENTBULK/PBULK/;PBULK;PBULK;46MU1003;AB;35;2117;30;35;2117;51;152;51;25;2;05-Sep-17;2016-2017;6435.68
27;2727;46MU1004/PARCHMENT BULK/PBULK;46MU1004/PARCHMENTBULK/PBULK/;PBULK;PBULK;46MU1004;AB;30;1828;30;30;1828;39;201;39;25;2;05-Sep-17;2016-2017;7348.56
28;2728;43MU0011/GATURINE/XBB070F02;43MU0011/GATURINE/XBB070F02/;XBB070F02;XBB070F02;43MU0011;AB;25;1549;30;25;1549;238;315;57;25;1;05-Sep-17;2016-2017;9758.7
29;2729;43MU0033/NKUMARI/XBB069F02;43MU0033/NKUMARI/XBB069F02/;XBB069F02;XBB069F02;43MU0033;AB;12;762;30;12;762;238;277;57;25;1;05-Sep-17;2016-2017;4221.48
30;2730;44MU0012/TIGIJI/XBB009F2;44MU0012/TIGIJI/XBB009F2/;XBB009F2;XBB009F2;44MU0012;AB;7;446;30;7;446;39;269;39;25;1;05-Sep-17;2016-2017;2399.48
31;2731;44MU0035/KIGARI-RIGIRI/XBB044F02;44MU0035/KIGARI-RIGIRI/XBB044F02/;XBB044F02;XBB044F02;44MU0035;AB;33;1984;30;33;1984;39;270;39;25;2;05-Sep-17;2016-2017;10713.6
32;2732;45MU0014/KIERU/XBB067F01;45MU0014/KIERU/XBB067F01/;XBB067F01;XBB067F01;45MU0014;AB;23;1421;30;23;1421;39;278;39;25;2;05-Sep-17;2016-2017;7900.76
33;2733;43MU0021/NTONGORO-FCS/XBB0042F01;43MU0021/NTONGORO-FCS/XBB0042F01/;XBB0042F01;XBB0042F01;43MU0021;AB;22;1360;30;22;1360;74;277;74;25;2;05-Sep-17;2016-2017;7534.4
34;2734;44MU0004/ITHIMA/XBB005F03;44MU0004/ITHIMA/XBB005F03/;XBB005F03;XBB005F03;44MU0004;AB;19;1140;30;19;1140;39;274;39;25;2;05-Sep-17;2016-2017;6247.2
35;2735;44MU0030/KIGARI-THAGU/XBB044F03;44MU0030/KIGARI-THAGU/XBB044F03/;XBB044F03;XBB044F03;44MU0030;AB;44;2698;30;44;2698;39;282;39;25;2;05-Sep-17;2016-2017;15216.72
36;2736;45MU0005/KINORO/XBB044F01;45MU0005/KINORO/XBB044F01/;XBB044F01;XBB044F01;45MU0005;AB;34;2059;30;34;2059;39;291;39;25;2;05-Sep-17;2016-2017;11983.38
37;2737;45MU0017/NTEMWENE/XBB067F03;45MU0017/NTEMWENE/XBB067F03/;XBB067F03;XBB067F03;45MU0017;AB;20;1258;30;20;1258;238;296;57;25;2;05-Sep-17;2016-2017;7447.36
38;2738;46MU1004/PARCHMENT BULK/PBULK;46MU1004/PARCHMENTBULK/PBULK/;PBULK;PBULK;46MU1004;AA;4;288;30;4;288;149;212;44;25;2;05-Sep-17;2016-2017;1221.12
39;2739;46MU1003/PARCHMENT BULK/PBULK;46MU1003/PARCHMENTBULK/PBULK/;PBULK;PBULK;46MU1003;AA;9;563;30;9;563;209;271;7;25;1;05-Sep-17;2016-2017;3051.46
40;2740;43MU0021/NTONGORO-FCS/XBB0042F01;43MU0021/NTONGORO-FCS/XBB0042F01/;XBB0042F01;XBB0042F01;43MU0021;AA;3;202;30;3;202;47;367;47;25;2;05-Sep-17;2016-2017;1482.68
41;2741;45MU0014/KIERU/XBB067F01;45MU0014/KIERU/XBB067F01/;XBB067F01;XBB067F01;45MU0014;AA;5;300;30;5;300;160;365;40;25;1;05-Sep-17;2016-2017;2190
42;2742;43MU0011/GATURINE/XBB070F02;43MU0011/GATURINE/XBB070F02/;XBB070F02;XBB070F02;43MU0011;AA;9;565;30;9;565;221;366;49;25;2;05-Sep-17;2016-2017;4135.8
43;2743;44MU0030/KIGARI-THAGU/XBB044F03;44MU0030/KIGARI-THAGU/XBB044F03/;XBB044F03;XBB044F03;44MU0030;AA;20;1255;30;20;1255;160;369;40;25;2;05-Sep-17;2016-2017;9261.9
44;2744;44MU0035/KIGARI-RIGIRI/XBB044F02;44MU0035/KIGARI-RIGIRI/XBB044F02/;XBB044F02;XBB044F02;44MU0035;AA;7;433;30;7;433;237;367;13;25;1;05-Sep-17;2016-2017;3178.22
45;2745;45MU0005/KINORO/XBB044F01;45MU0005/KINORO/XBB044F01/;XBB044F01;XBB044F01;45MU0005;AA;9;549;30;9;549;237;374;13;25;1;05-Sep-17;2016-2017;4106.52
46;2746;44MU0001/NDULUMA/XBA038F01;44MU0001/NDULUMA/XBA038F01/;XBA038F01;XBA038F01;44MU0001;T;14;858;30;14;858;21;78;21;25;2;05-Sep-17;2016-2017;1338.48
47;2747;44MU0006/MBARANGA/XBA038;44MU0006/MBARANGA/XBA038/;XBA038;XBA038;44MU0006;T;21;1289;30;21;1289;21;85;21;25;2;05-Sep-17;2016-2017;2191.3
48;2748;43MU0020/NTONGORO-FCS/XBB0042F01;43MU0020/NTONGORO-FCS/XBB0042F01/;XBB0042F01;XBB0042F01;43MU0020;T;10;646;30;10;646;39;132;39;25;1;05-Sep-17;2016-2017;1705.44
49;2749;44MU0004/ITHIMA/XBB005F03;44MU0004/ITHIMA/XBB005F03/;XBB005F03;XBB005F03;44MU0004;T;6;391;30;6;391;39;124;39;25;2;05-Sep-17;2016-2017;969.68
50;2750;44MU0012/TIGIJI/XBB009F2;44MU0012/TIGIJI/XBB009F2/;XBB009F2;XBB009F2;44MU0012;T;7;450;30;7;450;39;136;39;25;1;05-Sep-17;2016-2017;1224
51;2751;46MU0041/MBARANGA/XBA038;46MU0041/MBARANGA/XBA038/;XBA038;XBA038;46MU0041;T;13;791;30;13;791;21;61;21;25;2;05-Sep-17;2016-2017;965.02
52;2752;46MU1004/PARCHMENT BULK/PBULK;46MU1004/PARCHMENTBULK/PBULK/;PBULK;PBULK;46MU1004;T;11;695;30;11;695;237;134;13;25;2;05-Sep-17;2016-2017;1862.6
53;2753;46MU2001/CLEAN BULK/C.Bulk;46MU2001/CLEANBULK/CBulk/;CBulk;CBulk;46MU2001;T;24;1443;30;24;1443;39;137;39;25;2;05-Sep-17;2016-2017;3953.82
54;2754;44MU0006/MBARANGA/XBA038;44MU0006/MBARANGA/XBA038/;XBA038;XBA038;44MU0006;TT;6;390;30;6;390;237;142;13;25;2;05-Sep-17;2016-2017;1107.6
55;2755;42MU0008/KUIRI/XBB072F02;42MU0008/KUIRI/XBB072F02/;XBB072F02;XBB072F02;42MU0008;AB;8;487;30;8;487;47;226;47;25;2;05-Sep-17;2016-2017;2201.24
56;2756;45MU0007/NGONYI/XBB05F05;45MU0007/NGONYI/XBB05F05/;XBB05F05;XBB05F05;45MU0007;AB;5;344;30;5;344;237;227;13;25;2;05-Sep-17;2016-2017;1561.76
57;2757;41MU0003/MBURUGU ESTATE/BB02C;41MU0003/MBURUGUESTATE/BB02C/;BB02C;BB02C;41MU0003;UG2;3;182;30;3;182;237;81;13;25;1;05-Sep-17;2016-2017;294.84
58;2758;41MU0027/GIITHU FACTORY/XBA037;41MU0027/GIITHUFACTORY/XBA037/;XBA037;XBA037;41MU0027;UG2;9;547;30;9;547;21;101;21;25;2;05-Sep-17;2016-2017;1104.94
59;2759;41MU0036/RWARENE/XBB072F03;41MU0036/RWARENE/XBB072F03/;XBB072F03;XBB072F03;41MU0036;UG2;7;437;30;7;437;237;87;13;25;2;05-Sep-17;2016-2017;760.38
60;2760;41MU0049/TIGIJI/XBB009F2;41MU0049/TIGIJI/XBB009F2/;XBB009F2;XBB009F2;41MU0049;UG2;25;1514;30;25;1514;21;85;21;25;2;05-Sep-17;2016-2017;2573.8
61;2761;42MU0003/KIRUGUI KAUGI/XBB0062F01;42MU0003/KIRUGUIKAUGI/XBB0062F01/;XBB0062F01;XBB0062F01;42MU0003;UG2;15;912;30;15;912;160;137;40;25;1;05-Sep-17;2016-2017;2498.88
62;2762;42MU0007/KUIRI/XBB072F02;42MU0007/KUIRI/XBB072F02/;XBB072F02;XBB072F02;42MU0007;UG2;6;360;30;6;360;39;91;39;25;2;05-Sep-17;2016-2017;655.2
63;2763;43MU0003/NJOE/ KAONGO/XBB023F01;43MU0003/NJOE/KAONGO/XBB023F01/;KAONGO;KAONGO;43MU0003;UG2;10;612;30;10;612;39;131;39;25;1;05-Sep-17;2016-2017;1603.44
64;2764;43MU0004/NJOE/ KAONGO/XBB023F01;43MU0004/NJOE/KAONGO/XBB023F01/;KAONGO;KAONGO;43MU0004;UG2;8;480;30;8;480;21;93;21;25;2;05-Sep-17;2016-2017;892.8
65;2765;44MU0002/ITHIMA/XBB005F03;44MU0002/ITHIMA/XBB005F03/;XBB005F03;XBB005F03;44MU0002;UG2;10;607;30;10;607;237;133;13;25;1;05-Sep-17;2016-2017;1614.62
66;2766;44MU0022/ANTUAMBURI/XBA035F2;44MU0022/ANTUAMBURI/XBA035F2/;XBA035F2;XBA035F2;44MU0022;UG2;14;847;30;14;847;237;133;13;25;1;05-Sep-17;2016-2017;2253.02
67;2767;45MU0007/NGONYI/XBB05F05;45MU0007/NGONYI/XBB05F05/;XBB05F05;XBB05F05;45MU0007;UG2;14;883;30;14;883;74;94;74;25;2;05-Sep-17;2016-2017;1660.04
68;2768;45MU1002/PARCHMENT BULK/PBULK;45MU1002/PARCHMENTBULK/PBULK/;PBULK;PBULK;45MU1002;UG2;16;989;30;16;989;74;90;74;25;2;05-Sep-17;2016-2017;1780.2
69;2769;46MU0011/TIGIJI/XBB009F2;46MU0011/TIGIJI/XBB009F2/;XBB009F2;XBB009F2;46MU0011;UG2;13;798;30;13;798;74;80;74;25;1;05-Sep-17;2016-2017;1276.8
70;2770;46MU1002/PARCHMENT BULK/PBULK;46MU1002/PARCHMENTBULK/PBULK/;PBULK;PBULK;46MU1002;UG2;28;1680;30;28;1680;74;134;74;25;1;05-Sep-17;2016-2017;4502.4
71;2771;44MU0015/KALITHIRIA FCS/XBA033;44MU0015/KALITHIRIAFCS/XBA033/;XBA033;XBA033;44MU0015;UG2;16;960;30;16;960;237;123;13;25;2;05-Sep-17;2016-2017;2361.6
72;2772;46MU1003/PARCHMENT BULK/PBULK;46MU1003/PARCHMENTBULK/PBULK/;PBULK;PBULK;46MU1003;UG2;19;1187;30;19;1187;149;226;44;25;1;05-Sep-17;2016-2017;5365.24
73;2773;41MU0003/MBURUGU ESTATE/BB02C;41MU0003/MBURUGUESTATE/BB02C/;BB02C;BB02C;41MU0003;UG1;4;240;30;4;240;51;132;51;25;2;05-Sep-17;2016-2017;633.6
74;2774;41MU0027/GIITHU FACTORY/XBA037;41MU0027/GIITHUFACTORY/XBA037/;XBA037;XBA037;41MU0027;UG1;8;510;30;8;510;47;157;47;25;2;05-Sep-17;2016-2017;1601.4
75;2775;41MU0036/RWARENE/XBB072F03;41MU0036/RWARENE/XBB072F03/;XBB072F03;XBB072F03;41MU0036;UG1;7;473;30;7;473;237;220;13;25;1;05-Sep-17;2016-2017;2081.2
76;2776;41MU0049/TIGIJI/XBB009F2;41MU0049/TIGIJI/XBB009F2/;XBB009F2;XBB009F2;41MU0049;UG1;33;1984;30;33;1984;237;230;13;25;1;05-Sep-17;2016-2017;9126.4
77;2777;42MU0003/KIRUGUI KAUGI/XBB0062F01;42MU0003/KIRUGUIKAUGI/XBB0062F01/;XBB0062F01;XBB0062F01;42MU0003;UG1;18;1126;30;18;1126;47;229;47;25;1;05-Sep-17;2016-2017;5157.08
78;2778;42MU0007/KUIRI/XBB072F02;42MU0007/KUIRI/XBB072F02/;XBB072F02;XBB072F02;42MU0007;UG1;14;895;30;14;895;47;145;47;25;2;05-Sep-17;2016-2017;2595.5
79;2779;43MU0003/NJOE/ KAONGO/XBB023F01;43MU0003/NJOE/KAONGO/XBB023F01/;KAONGO;KAONGO;43MU0003;UG1;16;979;30;16;979;47;221;47;25;1;05-Sep-17;2016-2017;4327.18
80;2780;43MU0004/NJOE/ KAONGO/XBB023F01;43MU0004/NJOE/KAONGO/XBB023F01/;KAONGO;KAONGO;43MU0004;UG1;15;941;30;15;941;47;226;47;25;1;05-Sep-17;2016-2017;4253.32
81;2781;44MU0002/ITHIMA/XBB005F03;44MU0002/ITHIMA/XBB005F03/;XBB005F03;XBB005F03;44MU0002;UG1;18;1098;30;18;1098;47;246;47;25;1;05-Sep-17;2016-2017;5402.16
82;2782;44MU0015/KALITHIRIA FCS/XBA033;44MU0015/KALITHIRIAFCS/XBA033/;XBA033;XBA033;44MU0015;UG1;14;859;30;14;859;47;132;47;25;2;05-Sep-17;2016-2017;2267.76
83;2783;44MU0022/ANTUAMBURI/XBA035F2;44MU0022/ANTUAMBURI/XBA035F2/;XBA035F2;XBA035F2;44MU0022;UG1;11;711;30;11;711;47;133;47;25;2;05-Sep-17;2016-2017;1891.26
84;2784;45MU0007/NGONYI/XBB05F05;45MU0007/NGONYI/XBB05F05/;XBB05F05;XBB05F05;45MU0007;UG1;19;1199;30;19;1199;47;222;47;25;1;05-Sep-17;2016-2017;5323.56
85;2785;45MU1002/PARCHMENT BULK/PBULK;45MU1002/PARCHMENTBULK/PBULK/;PBULK;PBULK;45MU1002;UG1;17;1062;30;17;1062;237;121;13;25;2;05-Sep-17;2016-2017;2570.04
86;2786;46MU0011/TIGIJI/XBB009F2;46MU0011/TIGIJI/XBB009F2/;XBB009F2;XBB009F2;46MU0011;UG1;11;709;30;11;709;237;138;13;25;2;05-Sep-17;2016-2017;1956.84
87;2787;46MU1002/PARCHMENT BULK/PBULK;46MU1002/PARCHMENTBULK/PBULK/;PBULK;PBULK;46MU1002;UG1;40;2442;30;40;2442;237;201;13;25;1;05-Sep-17;2016-2017;9816.84
88;2788;46MU1003/PARCHMENT BULK/PBULK;46MU1003/PARCHMENTBULK/PBULK/;PBULK;PBULK;46MU1003;UG1;44;2659;30;44;2659;47;234;47;25;1;05-Sep-17;2016-2017;12444.12
89;1801;43LE1001 / BULK;43LE1001/BULK;T;20;1262;30;20;1262;39;136;39;18;1;05-Sep-17;2016-2017;3432.64;;;
90;1802;44LE0082 / KITULUNI FACTORY/XBE018F01/FL;44LE0082/KITULUNIFACTORY/XBE018F01/FL/;XBE018F01;XBE018F01;44LE0082;T;25;1531;30;25;1531;39;136;39;18;1;05-Sep-17;2016-2017;4164.32
91;1803;44LE1000 / BULK/FLO;44LE1000/BULK/FLO/;FLO;FLO;44LE1000;T;12;787;30;12;787;78;139;78;18;1;05-Sep-17;2016-2017;2187.86
92;1804;44MS2000 / C/BULK;44MS2000/C/BULK/;BULK;BULK;44MS2000;T;11;704;30;11;704;78;137;78;18;1;05-Sep-17;2016-2017;1928.96
93;1805;44LE0003 / KITULUNI FACTORY/XBE018F01/FL;44LE0003/KITULUNIFACTORY/XBE018F01/FL/;XBE018F01;XBE018F01;44LE0003;T;15;941;30;15;941;237;135;13;18;1;05-Sep-17;2016-2017;2540.7
94;1806;44LE0091 / UAMANI FACTORY/XBE018F02/FLO;44LE0091/UAMANIFACTORY/XBE018F02/FLO/;XBE018F02;XBE018F02;44LE0091;T;9;585;30;9;585;237;139;13;18;1;05-Sep-17;2016-2017;1626.3
95;1807;45LE0002 / UAMANI FACTORY/XBE018F02/FLO;45LE0002/UAMANIFACTORY/XBE018F02/FLO/;XBE018F02;XBE018F02;45LE0002;T;6;373;30;6;373;237;135;13;18;1;05-Sep-17;2016-2017;1007.1
96;1808;40LE0005 / MATETANI/XBE011F02/FLO;40LE0005/MATETANI/XBE011F02/FLO/;XBE011F02;XBE011F02;40LE0005;T;20;1262;30;20;1262;39;137;39;18;1;05-Sep-17;2016-2017;3457.88
97;1809;44MS2008 / C/BULK;44MS2008/C/BULK/;BULK;BULK;44MS2008;TT;12;787;30;12;787;237;134;13;18;2;05-Sep-17;2016-2017;2109.16
98;1810;44MS2001 / C/BULK;44MS2001/C/BULK/;BULK;BULK;44MS2001;TT;16;973;30;16;973;78;228;78;18;1;05-Sep-17;2016-2017;4436.88
99;1811;44MS2007 / C/BULK;44MS2007/C/BULK/;BULK;BULK;44MS2007;TT;5;308;30;5;308;237;136;13;18;2;05-Sep-17;2016-2017;837.76
100;1812;41KF0015 / KAWAMUGIGA/AE0011;41KF0015/KAWAMUGIGA/AE0011/;AE0011;AE0011;41KF0015;C;35;2160;30;35;2160;21;92;21;18;2;05-Sep-17;2016-2017;3974.4
101;1813;42LE0053 / NGUMUTI/XBE08F02/FLO;42LE0053/NGUMUTI/XBE08F02/FLO/;XBE08F02;XBE08F02;42LE0053;C;12;729;30;12;729;160;137;40;18;2;05-Sep-17;2016-2017;1997.46
102;1814;41KF1007 / BULK/FLO;41KF1007/BULK/FLO/;FLO;FLO;41KF1007;C;16;988;30;16;988;237;141;13;18;2;05-Sep-17;2016-2017;2786.16
103;1815;43LE1001 / BULK;43LE1001/BULK;C;28;1724;30;28;1724;238;245;57;18;1;05-Sep-17;2016-2017;8447.6;;;
104;1816;41KF0012 / KAWAMUGIGA/AE0011;41KF0012/KAWAMUGIGA/AE0011/;AE0011;AE0011;41KF0012;C;36;2205;30;36;2205;226;243;54;18;2;05-Sep-17;2016-2017;10716.3
105;1817;44KF0023 / KIGAA FACTORY-KAGAARI SOUTH/X;44KF0023/KIGAAFACTORY-KAGAARISOUTH/X/;X;X;44KF0023;C;21;1318;30;21;1318;237;244;13;18;2;05-Sep-17;2016-2017;6431.84
106;1818;44LE0003 / KITULUNI FACTORY/XBE018F01/FL;44LE0003/KITULUNIFACTORY/XBE018F01/FL/;XBE018F01;XBE018F01;44LE0003;C;25;1518;30;25;1518;237;117;13;18;2;05-Sep-17;2016-2017;3552.12
107;1819;44LE0082 / KITULUNI FACTORY/XBE018F01/FL;44LE0082/KITULUNIFACTORY/XBE018F01/FL/;XBE018F01;XBE018F01;44LE0082;C;35;2119;30;35;2119;238;243;57;18;1;05-Sep-17;2016-2017;10298.34
108;1820;44LE1000 / BULK/FLO;44LE1000/BULK/FLO/;FLO;FLO;44LE1000;C;22;1379;30;22;1379;160;244;40;18;1;05-Sep-17;2016-2017;6729.52
109;1821;45LE0002 / UAMANI FACTORY/XBE018F02/FLO;45LE0002/UAMANIFACTORY/XBE018F02/FLO/;XBE018F02;XBE018F02;45LE0002;C;10;640;30;10;640;237;161;13;18;2;05-Sep-17;2016-2017;2060.8
110;1822;44KF0013 / CHANIA ESTATE/AB0021/CAFíŠ;44KF0013/CHANIAESTATE/AB0021/CAFíŠ/;AB0021;AB0021;44KF0013;C;23;1420;30;23;1420;78;245;78;18;2;05-Sep-17;2016-2017;6958
111;1823;44KF0014 / CHANIA ESTATE/AB0021/CAFíŠ;44KF0014/CHANIAESTATE/AB0021/CAFíŠ/;AB0021;AB0021;44KF0014;C;21;1324;30;21;1324;78;245;78;18;2;05-Sep-17;2016-2017;6487.6
112;1824;44KF0022 / KANGUNU FACTORY/XBD14F01;44KF0022/KANGUNUFACTORY/XBD14F01/;XBD14F01;XBD14F01;44KF0022;C;29;1763;30;29;1763;226;243;54;18;2;05-Sep-17;2016-2017;8568.18
113;1825;44KF0024 / KIANGUCHU FACTORY/XBD14F03;44KF0024/KIANGUCHUFACTORY/XBD14F03/;XBD14F03;XBD14F03;44KF0024;C;20;1219;30;20;1219;237;245;13;18;2;05-Sep-17;2016-2017;5973.1
114;1826;44KF0030 / RIANKUNE/XBC035F01;44KF0030/RIANKUNE/XBC035F01/;XBC035F01;XBC035F01;44KF0030;C;27;1678;30;27;1678;39;246;39;18;2;05-Sep-17;2016-2017;8255.76
115;1827;44LE0091 / UAMANI FACTORY/XBE018F02/FLO;44LE0091/UAMANIFACTORY/XBE018F02/FLO/;XBE018F02;XBE018F02;44LE0091;C;19;1149;30;19;1149;238;247;57;18;2;05-Sep-17;2016-2017;5676.06
116;1828;45KF1001 / BULK;45KF1001/BULK;C;28;1736;30;28;1736;74;251;74;18;1;05-Sep-17;2016-2017;8714.72;;;
117;1829;44MS2009 / C/BULK/FLO;44MS2009/C/BULK/FLO/;BULK;BULK;44MS2009;AB;14;851;30;14;851;237;182;13;18;2;05-Sep-17;2016-2017;3097.64
118;1830;41KF1007 / BULK/FLO;41KF1007/BULK/FLO/;FLO;FLO;41KF1007;AB;13;835;30;13;835;62;269;62;18;2;05-Sep-17;2016-2017;4492.3
119;1831;43LE1001 / BULK;43LE1001/BULK;AB;35;2145;30;35;2145;62;263;62;18;2;05-Sep-17;2016-2017;11282.7;;;
120;1832;41KF0012 / KAWAMUGIGA/AE0011;41KF0012/KAWAMUGIGA/AE0011/;AE0011;AE0011;41KF0012;AB;33;2026;30;33;2026;39;273;39;18;2;05-Sep-17;2016-2017;11061.96
121;1833;44KF0014 / CHANIA ESTATE/AB0021/CAFíŠ;44KF0014/CHANIAESTATE/AB0021/CAFíŠ/;AB0021;AB0021;44KF0014;AB;12;778;30;12;778;74;275;74;18;2;05-Sep-17;2016-2017;4279
122;1834;44KF0023 / KIGAA FACTORY-KAGAARI SOUTH/X;44KF0023/KIGAAFACTORY-KAGAARISOUTH/X/;X;X;44KF0023;AB;25;1537;30;25;1537;78;277;78;18;2;05-Sep-17;2016-2017;8514.98
123;1835;44LE0082 / KITULUNI FACTORY/XBE018F01/FL;44LE0082/KITULUNIFACTORY/XBE018F01/FL/;XBE018F01;XBE018F01;44LE0082;AB;56;3379;30;56;3379;39;270;39;18;2;05-Sep-17;2016-2017;18246.6
124;1836;44LE1000 / BULK/FLO;44LE1000/BULK/FLO/;FLO;FLO;44LE1000;AB;23;1419;30;23;1419;78;275;78;18;2;05-Sep-17;2016-2017;7804.5
125;1837;45LE0002 / UAMANI FACTORY/XBE018F02/FLO;45LE0002/UAMANIFACTORY/XBE018F02/FLO/;XBE018F02;XBE018F02;45LE0002;AB;18;1114;30;18;1114;39;273;39;18;2;05-Sep-17;2016-2017;6082.44
126;1838;44KF0022 / KANGUNU FACTORY/XBD14F01;44KF0022/KANGUNUFACTORY/XBD14F01/;XBD14F01;XBD14F01;44KF0022;AB;32;1976;30;32;1976;238;291;57;18;1;05-Sep-17;2016-2017;11500.32
127;1839;44KF0024 / KIANGUCHU FACTORY/XBD14F03;44KF0024/KIANGUCHUFACTORY/XBD14F03/;XBD14F03;XBD14F03;44KF0024;AB;17;1034;30;17;1034;78;276;78;18;2;05-Sep-17;2016-2017;5707.68
128;1840;44KF0030 / RIANKUNE/XBC035F01;44KF0030/RIANKUNE/XBC035F01/;XBC035F01;XBC035F01;44KF0030;AB;17;1049;30;17;1049;74;280;74;18;2;05-Sep-17;2016-2017;5874.4
129;1841;44LE0003 / KITULUNI FACTORY/XBE018F01/FL;44LE0003/KITULUNIFACTORY/XBE018F01/FL/;XBE018F01;XBE018F01;44LE0003;AB;47;2875;30;47;2875;237;278;13;18;2;05-Sep-17;2016-2017;15985
130;1842;44LE0091 / UAMANI FACTORY/XBE018F02/FLO;44LE0091/UAMANIFACTORY/XBE018F02/FLO/;XBE018F02;XBE018F02;44LE0091;AB;40;2451;30;40;2451;78;278;78;18;2;05-Sep-17;2016-2017;13627.56
131;1843;45KF1001 / BULK;45KF1001/BULK;AB;23;1398;30;23;1398;74;284;74;18;2;05-Sep-17;2016-2017;7940.64;;;
132;1844;43LE1001 / BULK;43LE1001/BULK;PB;5;324;30;5;324;237;270;13;18;1;05-Sep-17;2016-2017;1749.6;;;
133;1845;44MS2003 / C/BULK/FLO;44MS2003/C/BULK/FLO/;BULK;BULK;44MS2003;PB;20;1253;30;20;1253;237;278;13;18;1;05-Sep-17;2016-2017;6966.68
134;1846;44MS2011 / C/BULK;44MS2011/C/BULK/;BULK;BULK;44MS2011;PB;15;929;30;15;929;237;271;13;18;1;05-Sep-17;2016-2017;5035.18
135;1847;43LE1001 / BULK;43LE1001/BULK;AA;7;478;30;7;478;78;372;78;18;1;05-Sep-17;2016-2017;3556.32;;;
136;1848;44MS2004 / C/BULK;44MS2004/C/BULK/;BULK;BULK;44MS2004;AA;5;344;30;5;344;78;392;78;18;1;05-Sep-17;2016-2017;2696.96
137;1849;44MS2005 / C/BULK/FLO;44MS2005/C/BULK/FLO/;BULK;BULK;44MS2005;AA;19;1170;30;19;1170;47;383;47;18;1;05-Sep-17;2016-2017;8962.2
138;1850;44LE0003 / KITULUNI FACTORY/XBE018F01/FL;44LE0003/KITULUNIFACTORY/XBE018F01/FL/;XBE018F01;XBE018F01;44LE0003;AA;8;528;30;8;528;47;361;47;18;2;05-Sep-17;2016-2017;3812.16
139;1851;44LE0082 / KITULUNI FACTORY/XBE018F01/FL;44LE0082/KITULUNIFACTORY/XBE018F01/FL/;XBE018F01;XBE018F01;44LE0082;AA;8;539;30;8;539;78;382;78;18;2;05-Sep-17;2016-2017;4117.96
140;1852;44LE0091 / UAMANI FACTORY/XBE018F02/FLO;44LE0091/UAMANIFACTORY/XBE018F02/FLO/;XBE018F02;XBE018F02;44LE0091;AA;7;441;30;7;441;78;382;78;18;2;05-Sep-17;2016-2017;3369.24
141;1853;41KF0015 / KAWAMUGIGA/AE0011;41KF0015/KAWAMUGIGA/AE0011/;AE0011;AE0011;41KF0015;T;41;2507;30;41;2507;237;70;13;18;2;05-Sep-17;2016-2017;3509.8
142;1854;42KF1001 / BULK;42KF1001/BULK;T;17;1076;30;17;1076;237;73;13;18;2;05-Sep-17;2016-2017;1570.96;;;
143;1855;42KF1001 / BULK;42KF1001/BULK;C;25;1514;30;25;1514;74;99;74;18;2;05-Sep-17;2016-2017;2997.72;;;
144;1856;42KF1001 / BULK;42KF1001/BULK;AB;12;744;30;12;744;51;141;51;18;2;05-Sep-17;2016-2017;2098.08;;;
145;1857;43LE0003 / KILALANI/XBE011F01/FLO;43LE0003/KILALANI/XBE011F01/FLO/;XBE011F01;XBE011F01;43LE0003;UG2;14;854;30;14;854;237;95;13;18;2;05-Sep-17;2016-2017;1622.6
146;1858;46LE0002 / ITHAENI/XBE29F01/FLO;46LE0002/ITHAENI/XBE29F01/FLO/;XBE29F01;XBE29F01;46LE0002;UG2;6;419;30;6;419;237;82;13;18;2;05-Sep-17;2016-2017;687.16
147;1859;43LE0015 / NDIANI FACTORY/XBE002F05;43LE0015/NDIANIFACTORY/XBE002F05/;XBE002F05;XBE002F05;43LE0015;UG1;9;594;30;9;594;74;138;74;18;2;05-Sep-17;2016-2017;1639.44
148;1860;40LE0002 / MATETANI/XBE011F02/FLO;40LE0002/MATETANI/XBE011F02/FLO/;XBE011F02;XBE011F02;40LE0002;UG1;39;2377;30;39;2377;47;149;47;18;2;05-Sep-17;2016-2017;7083.46
149;1861;43LE0003 / KILALANI/XBE011F01/FLO;43LE0003/KILALANI/XBE011F01/FLO/;XBE011F01;XBE011F01;43LE0003;UG1;37;2283;30;37;2283;47;148;47;18;2;05-Sep-17;2016-2017;6757.68
150;1862;46LE0002 / ITHAENI/XBE29F01/FLO;46LE0002/ITHAENI/XBE29F01/FLO/;XBE29F01;XBE29F01;46LE0002;UG1;14;907;30;14;907;47;149;47;18;2;05-Sep-17;2016-2017;2702.86
151;326;43KF0054/Mtaro Estate/AC.0038;43KF0054/MtaroEstate/AC0038/;AC0038;AC0038;43KF0054;C;30;1838;30;0;0;1002;0;0;10;4;05-Sep-17;2016-2017;0
152;301;42MS2000/T/Bulk;42MS2000/T/Bulk/;Bulk;Bulk;42MS2000;T;12;720;30;12;720;39;96;39;10;2;05-Sep-17;2016-2017;1382.4
153;302;44KF0005/Mchana Estate/AC.0023;44KF0005/MchanaEstate/AC0023/;AC0023;AC0023;44KF0005;T;45;2728;30;45;2728;74;146;74;10;2;05-Sep-17;2016-2017;7965.76
154;303;43KF0048/Eaagads Estate/AB.0025;43KF0048/EaagadsEstate/AB0025/;AB0025;AB0025;43KF0048;T;76;4624;30;76;4624;78;150;78;10;2;05-Sep-17;2016-2017;13872
155;304;43KF0052/Oaklands Estate/AC.0033;43KF0052/OaklandsEstate/AC0033/;AC0033;AC0033;43KF0052;T;72;4378;30;72;4378;78;148;78;10;2;05-Sep-17;2016-2017;12958.88
156;305;43KF0053/Oaklands Estate/AC.0033;43KF0053/OaklandsEstate/AC0033/;AC0033;AC0033;43KF0053;T;49;3004;30;49;3004;78;147;78;10;2;05-Sep-17;2016-2017;8831.76
157;306;43KF0043/Mtaro Estate/AC.0038;43KF0043/MtaroEstate/AC0038/;AC0038;AC0038;43KF0043;T;22;1352;30;22;1352;52;152;52;10;2;05-Sep-17;2016-2017;4110.08
158;307;43KF0044/Mtaro Estate/AC.0038;43KF0044/MtaroEstate/AC0038/;AC0038;AC0038;43KF0044;T;22;1333;30;22;1333;52;158;52;10;2;05-Sep-17;2016-2017;4212.28
159;308;43KF0047/Mchana Estate/AC.0023;43KF0047/MchanaEstate/AC0023/;AC0023;AC0023;43KF0047;T;60;3600;30;60;3600;160;185;40;10;2;05-Sep-17;2016-2017;13320
160;309;43KF0047/Mchana Estate/AC.0023;43KF0047/MchanaEstate/AC0023/;AC0023;AC0023;43KF0047;T;60;3636;30;60;3636;160;180;40;10;2;05-Sep-17;2016-2017;13089.6
161;310;44KF0008/Mchana Estate/AC.0023;44KF0008/MchanaEstate/AC0023/;AC0023;AC0023;44KF0008;T;11;679;30;11;679;237;212;13;10;1;05-Sep-17;2016-2017;2878.96
162;311;41MS0083/Iruma Factory/XBC37F01;41MS0083/IrumaFactory/XBC37F01/;XBC37F01;XBC37F01;41MS0083;C;20;1200;30;20;1200;47;107;47;10;2;05-Sep-17;2016-2017;2568
163;312;40MS0071/Nthirani Factory/XBC23F01;40MS0071/NthiraniFactory/XBC23F01/;XBC23F01;XBC23F01;40MS0071;C;70;4231;30;70;4231;47;260;47;10;1;05-Sep-17;2016-2017;22001.2
164;313;44KF1002/P/Bulk;44KF1002/P/Bulk/;Bulk;Bulk;44KF1002;C;32;1949;30;32;1949;39;262;39;10;1;05-Sep-17;2016-2017;10212.76
165;314;45KF1002/P/Bulk;45KF1002/P/Bulk/;Bulk;Bulk;45KF1002;C;27;1673;30;27;1673;47;260;47;10;1;05-Sep-17;2016-2017;8699.6
166;315;44KF0019/Kirimara Estate/AG.0013;44KF0019/KirimaraEstate/AG0013/;AG0013;AG0013;44KF0019;C;46;2791;30;46;2791;47;259;47;10;1;05-Sep-17;2016-2017;14457.38
167;316;44KF1002/P/Bulk;44KF1002/P/Bulk/;Bulk;Bulk;44KF1002;AB;27;1641;30;27;1641;237;279;13;10;2;05-Sep-17;2016-2017;9156.78
168;317;45KF1002/P/Bulk;45KF1002/P/Bulk/;Bulk;Bulk;45KF1002;AB;7;438;30;7;438;237;281;13;10;2;05-Sep-17;2016-2017;2461.56
169;318;44KF0019/Kirimara Estate/AG.0013;44KF0019/KirimaraEstate/AG0013/;AG0013;AG0013;44KF0019;AB;32;1929;30;32;1929;78;288;78;10;2;05-Sep-17;2016-2017;11111.04
170;319;43KF0055/Eaagads Estate/AB.0025;43KF0055/EaagadsEstate/AB0025/;AB0025;AB0025;43KF0055;T;45;2719;30;45;2719;74;104;74;10;2;05-Sep-17;2016-2017;5655.52
171;320;44KF1001/P/Bulk;44KF1001/P/Bulk/;Bulk;Bulk;44KF1001;T;63;3822;30;63;3822;74;92;74;10;2;05-Sep-17;2016-2017;7032.48
172;321;38MS0021/Ndunguri 98 Factory/XBC25F01;38MS0021/Ndunguri98Factory/XBC25F01/;XBC25F01;XBC25F01;38MS0021;T;11;674;30;11;674;74;97;74;10;2;05-Sep-17;2016-2017;1307.56
173;322;39MS0035/Kathathani Factory/XBC22F02;39MS0035/KathathaniFactory/XBC22F02/;XBC22F02;XBC22F02;39MS0035;T;29;1785;30;29;1785;160;122;40;10;1;05-Sep-17;2016-2017;4355.4
174;323;44KF0006/Mchana Estate/AC.0023;44KF0006/MchanaEstate/AC0023/;AC0023;AC0023;44KF0006;T;10;640;30;10;640;74;117;74;10;2;05-Sep-17;2016-2017;1497.6
175;324;44KF0004/Mchana Estate/AC.0023;44KF0004/MchanaEstate/AC0023/;AC0023;AC0023;44KF0004;C;50;3000;30;50;3000;39;145;39;10;2;05-Sep-17;2016-2017;8700
176;325;44KF0004/Mchana Estate/AC.0023;44KF0004/MchanaEstate/AC0023/;AC0023;AC0023;44KF0004;C;58;3490;30;58;3490;237;147;13;10;2;05-Sep-17;2016-2017;10260.6
177;327;44KF1001/P/Bulk;44KF1001/P/Bulk/;Bulk;Bulk;44KF1001;C;56;3371;30;56;3371;47;153;47;10;2;05-Sep-17;2016-2017;10315.26
178;328;43KF0055/Eaagads Estate/AB.0025;43KF0055/EaagadsEstate/AB0025/;AB0025;AB0025;43KF0055;C;37;2232;30;37;2232;160;168;40;10;2;05-Sep-17;2016-2017;7499.52
179;329;44KF0006/Mchana Estate/AC.0023;44KF0006/MchanaEstate/AC0023/;AC0023;AC0023;44KF0006;C;23;1413;30;23;1413;78;163;78;10;2;05-Sep-17;2016-2017;4606.38
180;330;44KF0004/Mchana Estate/AC.0023;44KF0004/MchanaEstate/AC0023/;AC0023;AC0023;44KF0004;AB;17;1034;30;17;1034;74;136;74;10;2;05-Sep-17;2016-2017;2812.48
181;331;38MS2005/AB/Bulk;38MS2005/AB/Bulk/;Bulk;Bulk;38MS2005;AB;50;3035;30;50;3035;47;240;47;10;1;05-Sep-17;2016-2017;14568
182;332;44KF1001/P/Bulk;44KF1001/P/Bulk/;Bulk;Bulk;44KF1001;AB;22;1363;30;22;1363;39;240;39;10;1;05-Sep-17;2016-2017;6542.4
183;1501;46SS2007/BULK;46SS2007/BULK;T;28;1743;30;28;1743;237;113;13;17;2;05-Sep-17;2016-2017;3939.18;;;
184;1502;46SS2006/BULK;46SS2006/BULK;T;27;1654;30;27;1654;237;133;13;17;1;05-Sep-17;2016-2017;4399.64;;;
185;1503;46SS2002/BULK;46SS2002/BULK;T;36;2203;30;36;2203;237;148;13;17;1;05-Sep-17;2016-2017;6520.88;;;
186;1504;46SS1007/MBULULU/BF.0100;46SS1007/MBULULU/BF0100/;BF0100;BF0100;46SS1007;T;11;691;30;11;691;237;137;13;17;1;05-Sep-17;2016-2017;1893.34
187;1505;46LE1005/P/BULK;46LE1005/P/BULK/;BULK;BULK;46LE1005;T;11;671;30;11;671;52;143;52;17;1;05-Sep-17;2016-2017;1919.06
188;1506;46LE0021 /MBEE/XBE06F04;46LE0021/MBEE/XBE06F04/;XBE06F04;XBE06F04;46LE0021;T;17;1062;30;17;1062;52;139;52;17;1;05-Sep-17;2016-2017;2952.36
189;1507;46LE0003/KALUA/XBE06F01;46LE0003/KALUA/XBE06F01/;XBE06F01;XBE06F01;46LE0003;T;25;1565;30;25;1565;52;147;52;17;1;05-Sep-17;2016-2017;4601.1
190;1508;45LE0009/MBEE/XBE06F04;45LE0009/MBEE/XBE06F04/;XBE06F04;XBE06F04;45LE0009;T;17;1067;30;17;1067;52;154;52;17;1;05-Sep-17;2016-2017;3286.36
191;1509;44LE0078/UMANTHI/XBE06F02;44LE0078/UMANTHI/XBE06F02/;XBE06F02;XBE06F02;44LE0078;T;16;975;30;16;975;52;150;52;17;1;05-Sep-17;2016-2017;2925
192;1510;44LE0075/UMANTHI/XBE06F02;44LE0075/UMANTHI/XBE06F02/;XBE06F02;XBE06F02;44LE0075;T;7;446;30;7;446;74;142;74;17;1;05-Sep-17;2016-2017;1266.64
193;1511;44LE0002/KALUA/XBE06F01;44LE0002/KALUA/XBE06F01/;XBE06F01;XBE06F01;44LE0002;T;23;1444;30;23;1444;52;150;52;17;1;05-Sep-17;2016-2017;4332
194;1512;44LE0001/KALUA/XBE06F01;44LE0001/KALUA/XBE06F01/;XBE06F01;XBE06F01;44LE0001;T;25;1563;30;25;1563;78;133;78;17;1;05-Sep-17;2016-2017;4157.58
195;1513;46SS1001/SASINI/BULK;46SS1001/SASINI/BULK/;BULK;BULK;46SS1001;T;7;471;30;7;471;21;87;21;17;2;05-Sep-17;2016-2017;819.54
196;1514;43LE0034/MUSILILI/XBE30F01;43LE0034/MUSILILI/XBE30F01/;XBE30F01;XBE30F01;43LE0034;T;7;484;30;7;484;74;130;74;17;1;05-Sep-17;2016-2017;1258.4
197;1515;44LE0087/UTOONI/XBE06F05;44LE0087/UTOONI/XBE06F05/;XBE06F05;XBE06F05;44LE0087;T;13;826;30;13;826;52;150;52;17;1;05-Sep-17;2016-2017;2478
198;1516;46SS1006/GATHIRUINI/XAA03F02;46SS1006/GATHIRUINI/XAA03F02/;XAA03F02;XAA03F02;46SS1006;T;9;586;30;9;586;52;149;52;17;1;05-Sep-17;2016-2017;1746.28
199;1517;46SS1005/KANAKE/XAA03F11;46SS1005/KANAKE/XAA03F11/;XAA03F11;XAA03F11;46SS1005;T;7;462;30;7;462;52;149;52;17;1;05-Sep-17;2016-2017;1376.76
200;1518;46SS2008/BULK;46SS2008/BULK;TT;18;1146;30;18;1146;52;241;52;17;1;05-Sep-17;2016-2017;5523.72;;;
201;1519;46SS2005/BULK;46SS2005/BULK;TT;24;1484;30;24;1484;238;255;57;17;1;05-Sep-17;2016-2017;7568.4;;;
202;1520;46SS1005/KANAKE/XAA03F11;46SS1005/KANAKE/XAA03F11/;XAA03F11;XAA03F11;46SS1005;TT;6;360;30;6;360;237;251;13;17;1;05-Sep-17;2016-2017;1807.2
203;1521;46SS1007/MBULULU/BF.0100;46SS1007/MBULULU/BF0100/;BF0100;BF0100;46SS1007;C;74;4487;30;74;4487;118;263;16;17;1;05-Sep-17;2016-2017;23601.62
204;1522;46LE1005/P/BULK;46LE1005/P/BULK/;BULK;BULK;46LE1005;C;19;1196;30;19;1196;237;256;13;17;1;05-Sep-17;2016-2017;6123.52
205;1523;46LE0021/MBEE/XBE06F04;46LE0021/MBEE/XBE06F04/;XBE06F04;XBE06F04;46LE0021;C;32;1958;30;32;1958;237;265;13;17;1;05-Sep-17;2016-2017;10377.4
206;1524;46LE0003/KALUA/XBE06F01;46LE0003/KALUA/XBE06F01/;XBE06F01;XBE06F01;46LE0003;C;42;2535;30;42;2535;118;251;16;17;1;05-Sep-17;2016-2017;12725.7
207;1525;45LE0009/MBEE/XBE06F04;45LE0009/MBEE/XBE06F04/;XBE06F04;XBE06F04;45LE0009;C;31;1922;30;31;1922;39;265;39;17;1;05-Sep-17;2016-2017;10186.6
208;1526;44LE0078/UMANTHI/XBE06F02;44LE0078/UMANTHI/XBE06F02/;XBE06F02;XBE06F02;44LE0078;C;33;2032;30;33;2032;39;268;39;17;1;05-Sep-17;2016-2017;10891.52
209;1527;44LE0075/UMANTHI/XBE06F02;44LE0075/UMANTHI/XBE06F02/;XBE06F02;XBE06F02;44LE0075;C;11;687;30;11;687;39;267;39;17;1;05-Sep-17;2016-2017;3668.58
210;1528;44LE0002/KALUA/XBE06F01;44LE0002/KALUA/XBE06F01/;XBE06F01;XBE06F01;44LE0002;C;47;2873;30;47;2873;39;267;39;17;1;05-Sep-17;2016-2017;15341.82
211;1529;44LE0001/KALUA/XBE06F01;44LE0001/KALUA/XBE06F01/;XBE06F01;XBE06F01;44LE0001;C;48;2897;30;48;2897;237;267;13;17;1;05-Sep-17;2016-2017;15469.98
212;1530;46SS1001/SASINI/BULK;46SS1001/SASINI/BULK/;BULK;BULK;46SS1001;C;43;2623;30;43;2623;78;262;78;17;1;05-Sep-17;2016-2017;13744.52
213;1531;43LE0034/MUSILILI/XBE30F01;43LE0034/MUSILILI/XBE30F01/;XBE30F01;XBE30F01;43LE0034;C;14;857;30;14;857;74;244;74;17;1;05-Sep-17;2016-2017;4182.16
214;1532;44LE0087/UTOONI/XBE06F05;44LE0087/UTOONI/XBE06F05/;XBE06F05;XBE06F05;44LE0087;C;27;1629;30;27;1629;39;262;39;17;1;05-Sep-17;2016-2017;8535.96
215;1533;46SS1006/GATHIRUINI/XAA03F02;46SS1006/GATHIRUINI/XAA03F02/;XAA03F02;XAA03F02;46SS1006;C;92;5553;30;92;5553;52;268;52;17;1;05-Sep-17;2016-2017;29764.08
216;1534;46SS1005/KANAKE/XAA03F11;46SS1005/KANAKE/XAA03F11/;XAA03F11;XAA03F11;46SS1005;C;69;4166;30;69;4166;52;264;52;17;1;05-Sep-17;2016-2017;21996.48
217;1535;46LE1004/P/BULK;46LE1004/P/BULK/;BULK;BULK;46LE1004;AB;14;860;30;14;860;39;281;39;17;1;05-Sep-17;2016-2017;4833.2
218;1536;46SS0077/NCHOROIBOR/XBB63F01;46SS0077/NCHOROIBOR/XBB63F01/;XBB63F01;XBB63F01;46SS0077;AB;21;1324;30;21;1324;74;277;74;17;1;05-Sep-17;2016-2017;7334.96
219;1537;42LE1000/P/BULK;42LE1000/P/BULK/;BULK;BULK;42LE1000;AB;17;1033;30;17;1033;118;272;16;17;1;05-Sep-17;2016-2017;5619.52
220;1538;43SS0127/GULMARG/AA.0035;43SS0127/GULMARG/AA0035/;AA0035;AA0035;43SS0127;AB;36;2168;30;36;2168;118;286;16;17;1;05-Sep-17;2016-2017;12400.96
221;1539;41SS0115/DOONDU/AA.0015;41SS0115/DOONDU/AA0015/;AA0015;AA0015;41SS0115;AB;25;1500;30;25;1500;52;299;52;17;1;05-Sep-17;2016-2017;8970
222;1540;41SS0111/DOONDU/AA.0015;41SS0111/DOONDU/AA0015/;AA0015;AA0015;41SS0111;AB;28;1697;30;28;1697;78;288;78;17;1;05-Sep-17;2016-2017;9774.72
223;1541;41SS0059/TINGANGA/AI.0002;41SS0059/TINGANGA/AI0002/;AI0002;AI0002;41SS0059;AB;68;4112;30;68;4112;52;297;52;17;1;05-Sep-17;2016-2017;24425.28
224;1542;47SS2040/GULMARG/AA.0035;47SS2040/GULMARG/AA0035/;AA0035;AA0035;47SS2040;AB;15;961;30;15;961;39;276;39;17;1;05-Sep-17;2016-2017;5304.72
225;1543;47SS2039/DOONDU/AA.0015;47SS2039/DOONDU/AA0015/;AA0015;AA0015;47SS2039;AB;31;1894;30;31;1894;39;299;39;17;1;05-Sep-17;2016-2017;11326.12
226;1544;47SS2038/TINGANGA/AI.0002;47SS2038/TINGANGA/AI0002/;AI0002;AI0002;47SS2038;AB;11;683;30;11;683;39;301;39;17;1;05-Sep-17;2016-2017;4111.66
227;1545;47SS2037/KAMUNDU/AI.0005;47SS2037/KAMUNDU/AI0005/;AI0005;AI0005;47SS2037;AB;37;2249;30;37;2249;52;299;52;17;1;05-Sep-17;2016-2017;13449.02
228;1546;47SS2036/MWEIGA/AG.0014;47SS2036/MWEIGA/AG0014/;AG0014;AG0014;47SS2036;AB;5;352;30;5;352;52;296;52;17;1;05-Sep-17;2016-2017;2083.84
229;1547;47SS2035/RUIRU MILLS/AC.0029;47SS2035/RUIRUMILLS/AC0029/;AC0029;AC0029;47SS2035;AB;49;2966;30;49;2966;237;315;39;17;1;05-Sep-17;2016-2017;18685.8
230;1548;47SS2034/GULMARG/AA.0035;47SS2034/GULMARG/AA0035/;AA0035;AA0035;47SS2034;AB;24;1440;30;24;1440;118;303;16;17;1;05-Sep-17;2016-2017;8726.4
231;1549;47SS2033/RUIRU MILLS/AC.0029;47SS2033/RUIRUMILLS/AC0029/;AC0029;AC0029;47SS2033;AB;42;2529;30;42;2529;237;324;13;17;1;05-Sep-17;2016-2017;16387.92
232;1550;47SS2032/DOONDU/AA.0015;47SS2032/DOONDU/AA0015/;AA0015;AA0015;47SS2032;AB;24;1452;30;24;1452;39;302;39;17;1;05-Sep-17;2016-2017;8770.08
233;1551;47SS2031/GULMARG/AA.0035;47SS2031/GULMARG/AA0035/;AA0035;AA0035;47SS2031;AB;17;1083;30;17;1083;237;324;13;17;1;05-Sep-17;2016-2017;7017.84
234;1552;47SS2030/KAKINDU/AA.0765;47SS2030/KAKINDU/AA0765/;AA0765;AA0765;47SS2030;AB;23;1428;30;23;1428;52;304;52;17;1;05-Sep-17;2016-2017;8682.24
235;1553;47SS2029/TINGANGA/AI.0002;47SS2029/TINGANGA/AI0002/;AI0002;AI0002;47SS2029;AB;25;1566;30;25;1566;78;326;78;17;1;05-Sep-17;2016-2017;10210.32
236;1554;47SS2028/MWEIGA/AG.0014;47SS2028/MWEIGA/AG0014/;AG0014;AG0014;47SS2028;AB;27;1642;30;27;1642;118;296;16;17;1;05-Sep-17;2016-2017;9720.64
237;1555;47SS2027/DOONDU/AA.0015;47SS2027/DOONDU/AA0015/;AA0015;AA0015;47SS2027;AB;38;2303;30;38;2303;39;328;39;17;1;05-Sep-17;2016-2017;15107.68
238;1556;47SS2026/DOONDU/AA.0015;47SS2026/DOONDU/AA0015/;AA0015;AA0015;47SS2026;AB;29;1782;30;29;1782;237;329;13;17;1;05-Sep-17;2016-2017;11725.56
239;1557;47SS2025/TINGANGA/AI.0002;47SS2025/TINGANGA/AI0002/;AI0002;AI0002;47SS2025;AB;28;1739;30;28;1739;39;312;39;17;1;05-Sep-17;2016-2017;10851.36
240;1558;47SS2024/RUIRU MILLS/AC.0029;47SS2024/RUIRUMILLS/AC0029/;AC0029;AC0029;47SS2024;AB;17;1062;30;17;1062;237;297;13;17;1;05-Sep-17;2016-2017;6308.28
241;1559;47SS2023/KAKINDU/AA.0765;47SS2023/KAKINDU/AA0765/;AA0765;AA0765;47SS2023;AB;30;1832;30;30;1832;39;316;39;17;1;05-Sep-17;2016-2017;11578.24
242;1560;47SS2022/DOONDU/AA.0015;47SS2022/DOONDU/AA0015/;AA0015;AA0015;47SS2022;AB;18;1105;30;18;1105;39;307;39;17;1;05-Sep-17;2016-2017;6784.7
243;1561;47SS2021/GULMARG/AA.0035;47SS2021/GULMARG/AA0035/;AA0035;AA0035;47SS2021;AB;15;935;30;15;935;78;344;78;17;1;05-Sep-17;2016-2017;6432.8
244;1562;47SS2020/KAMUNDU/AI.0005;47SS2020/KAMUNDU/AI0005/;AI0005;AI0005;47SS2020;AB;30;1841;30;30;1841;78;331;78;17;1;05-Sep-17;2016-2017;12187.42
245;1563;47SS2019/KAKINDU/AA.0765;47SS2019/KAKINDU/AA0765/;AA0765;AA0765;47SS2019;AB;13;809;30;13;809;39;290;39;17;2;05-Sep-17;2016-2017;4692.2
246;1564;47SS2018/RUIRU MILLS/AC.0029;47SS2018/RUIRUMILLS/AC0029/;AC0029;AC0029;47SS2018;AB;31;1915;30;31;1915;237;313;13;17;1;05-Sep-17;2016-2017;11987.9
247;1565;47SS2017/DOONDU/AA.0015;47SS2017/DOONDU/AA0015/;AA0015;AA0015;47SS2017;AB;93;5613;30;93;5613;237;334;13;17;1;05-Sep-17;2016-2017;37494.84
248;1566;47SS2016/MWEIGA/AG.0014;47SS2016/MWEIGA/AG0014/;AG0014;AG0014;47SS2016;AB;32;1920;30;32;1920;78;334;78;17;1;05-Sep-17;2016-2017;12825.6
249;1567;47SS2015/TINGANGA/AI.0002;47SS2015/TINGANGA/AI0002/;AI0002;AI0002;47SS2015;AB;49;2989;30;49;2989;78;336;78;17;1;05-Sep-17;2016-2017;20086.08
250;1568;47SS2014/KAKINDU/AA.0765;47SS2014/KAKINDU/AA0765/;AA0765;AA0765;47SS2014;AB;26;1610;30;26;1610;78;335;78;17;1;05-Sep-17;2016-2017;10787
251;1569;47SS2013/RUIRU MILLS/AC.0029;47SS2013/RUIRUMILLS/AC0029/;AC0029;AC0029;47SS2013;AB;29;1769;30;29;1769;78;336;78;17;1;05-Sep-17;2016-2017;11887.68
252;1570;46SS1007/MBULULU/BF.0100;46SS1007/MBULULU/BF0100/;BF0100;BF0100;46SS1007;AB;42;2557;30;42;2557;39;320;39;17;1;05-Sep-17;2016-2017;16364.8
253;1571;46SS1001/SASINI/BULK;46SS1001/SASINI/BULK/;BULK;BULK;46SS1001;AB;20;1217;30;20;1217;160;286;40;17;1;05-Sep-17;2016-2017;6961.24
254;1572;46LE1005/P/BULK;46LE1005/P/BULK/;BULK;BULK;46LE1005;AB;37;2277;30;37;2277;118;289;16;17;1;05-Sep-17;2016-2017;13161.06
255;1573;46LE0003/KALUA/XBE06F01;46LE0003/KALUA/XBE06F01/;XBE06F01;XBE06F01;46LE0003;AB;36;2160;30;36;2160;39;280;39;17;2;05-Sep-17;2016-2017;12096
256;1574;44SS0138/GULMARG/AA.0035;44SS0138/GULMARG/AA0035/;AA0035;AA0035;44SS0138;AB;34;2082;30;34;2082;78;288;78;17;2;05-Sep-17;2016-2017;11992.32
257;1575;44SS0048/RUIRU MILL/AC.0029;44SS0048/RUIRUMILL/AC0029/;AC0029;AC0029;44SS0048;AB;17;1063;30;17;1063;78;288;78;17;2;05-Sep-17;2016-2017;6122.88
258;1576;44LE0075/UMANTHI/XBE06F02;44LE0075/UMANTHI/XBE06F02/;XBE06F02;XBE06F02;44LE0075;AB;8;499;30;8;499;39;282;39;17;1;05-Sep-17;2016-2017;2814.36
259;1577;43SS1004/SASINI/BULK;43SS1004/SASINI/BULK/;BULK;BULK;43SS1004;AB;45;2750;30;45;2750;78;298;78;17;1;05-Sep-17;2016-2017;16390
260;1578;43SS1001/KAMUNDU BULK;43SS1001/KAMUNDUBULK;AB;72;4363;30;72;4363;118;291;16;17;1;05-Sep-17;2016-2017;25392.66;;;
261;1579;43SS0051/GULMARG/AA.0035;43SS0051/GULMARG/AA0035/;AA0035;AA0035;43SS0051;AB;45;2700;30;45;2700;78;289;78;17;1;05-Sep-17;2016-2017;15606
262;1580;43SS0004/TINGANGA/AI.0002;43SS0004/TINGANGA/AI0002/;AI0002;AI0002;43SS0004;AB;20;1218;30;20;1218;160;289;40;17;1;05-Sep-17;2016-2017;7040.04
263;1581;43SS0002/TINGANGA/AI.0002;43SS0002/TINGANGA/AI0002/;AI0002;AI0002;43SS0002;AB;22;1365;30;22;1365;39;288;39;17;1;05-Sep-17;2016-2017;7862.4
264;1582;43LE0034/MUSILILI/XBE30F01;43LE0034/MUSILILI/XBE30F01/;XBE30F01;XBE30F01;43LE0034;AB;13;817;30;13;817;39;284;39;17;1;05-Sep-17;2016-2017;4640.56
265;1583;42SS0084/GULMARG/AA.0035;42SS0084/GULMARG/AA0035/;AA0035;AA0035;42SS0084;AB;22;1335;30;22;1335;39;288;39;17;2;05-Sep-17;2016-2017;7689.6
266;1584;42SS0083/GULMARG/AA.0035;42SS0083/GULMARG/AA0035/;AA0035;AA0035;42SS0083;AB;26;1626;30;26;1626;39;287;39;17;2;05-Sep-17;2016-2017;9333.24
267;1585;41SS0025/GULMARG/AA.0035;41SS0025/GULMARG/AA0035/;AA0035;AA0035;41SS0025;AB;48;2907;30;48;2907;78;288;78;17;2;05-Sep-17;2016-2017;16744.32
268;1586;47SS2012/DOONDU/AA.0015;47SS2012/DOONDU/AA0015/;AA0015;AA0015;47SS2012;AB;17;1063;30;17;1063;237;346;13;17;1;05-Sep-17;2016-2017;7355.96
269;1587;47SS2011/KAMUNDU/AI.0005;47SS2011/KAMUNDU/AI0005/;AI0005;AI0005;47SS2011;AB;18;1127;30;18;1127;237;350;13;17;1;05-Sep-17;2016-2017;7889
270;1588;47SS2010/GULMARG/AA.0035;47SS2010/GULMARG/AA0035/;AA0035;AA0035;47SS2010;AB;31;1926;30;31;1926;237;355;13;17;1;05-Sep-17;2016-2017;13674.6
271;1589;47SS2009/MWEIGA/AG.0014;47SS2009/MWEIGA/AG0014/;AG0014;AG0014;47SS2009;AB;17;1053;30;17;1053;237;349;13;17;1;05-Sep-17;2016-2017;7349.94
272;1590;47SS2008/GULMARG/AA.0035;47SS2008/GULMARG/AA0035/;AA0035;AA0035;47SS2008;AB;21;1283;30;21;1283;78;328;78;17;1;05-Sep-17;2016-2017;8416.48
273;1591;44SS0084/DOONDU/AA.0015;44SS0084/DOONDU/AA0015/;AA0015;AA0015;44SS0084;AB;53;3222;30;53;3222;78;293;78;17;2;05-Sep-17;2016-2017;18880.92
274;1592;47SS2007/DOONDU/AA.0015;47SS2007/DOONDU/AA0015/;AA0015;AA0015;47SS2007;AB;15;947;30;15;947;237;332;13;17;1;05-Sep-17;2016-2017;6288.08
275;1593;47SS2006/TINGANGA/AI.0002;47SS2006/TINGANGA/AI0002/;AI0002;AI0002;47SS2006;AB;27;1659;30;27;1659;237;339;13;17;1;05-Sep-17;2016-2017;11248.02
276;1594;47SS2005/KAMUNDU/AI.0005;47SS2005/KAMUNDU/AI0005/;AI0005;AI0005;47SS2005;AB;36;2222;30;36;2222;237;339;13;17;1;05-Sep-17;2016-2017;15065.16
277;1595;46SS1006/GATHIRUINI/XAA03F02;46SS1006/GATHIRUINI/XAA03F02/;XAA03F02;XAA03F02;46SS1006;AB;88;5294;30;88;5294;237;302;13;17;1;05-Sep-17;2016-2017;31975.76
278;1596;46SS1005/KANAKE/XAA03F11;46SS1005/KANAKE/XAA03F11/;XAA03F11;XAA03F11;46SS1005;AB;54;3288;30;54;3288;39;282;39;17;2;05-Sep-17;2016-2017;18544.32
279;1597;46SS2010/BULK;46SS2010/BULK;PB;12;732;30;12;732;39;277;39;17;1;05-Sep-17;2016-2017;4055.28;;;
280;1598;47SS2008/GULMARG/AA.0035;47SS2008/GULMARG/AA0035/;AA0035;AA0035;47SS2008;PB;14;890;30;14;890;39;289;39;17;2;05-Sep-17;2016-2017;5144.2
281;1599;47SS2009/MWEIGA/AG.0014;47SS2009/MWEIGA/AG0014/;AG0014;AG0014;47SS2009;PB;12;746;30;12;746;39;284;39;17;2;05-Sep-17;2016-2017;4237.28
282;1600;47SS2010/GULMARG/AA.0035;47SS2010/GULMARG/AA0035/;AA0035;AA0035;47SS2010;PB;14;903;30;14;903;160;288;40;17;1;05-Sep-17;2016-2017;5201.28
283;1601;47SS2011/KAMUNDU/AI.0005;47SS2011/KAMUNDU/AI0005/;AI0005;AI0005;47SS2011;PB;12;756;30;12;756;39;286;39;17;1;05-Sep-17;2016-2017;4324.32
284;1602;46LE0021/MBEE/XBE06F04;46LE0021/MBEE/XBE06F04/;XBE06F04;XBE06F04;46LE0021;PB;6;379;30;6;379;160;287;40;17;1;05-Sep-17;2016-2017;2175.46
285;1603;47SS2012/DOONDU/AA.0015;47SS2012/DOONDU/AA0015/;AA0015;AA0015;47SS2012;PB;15;932;30;15;932;39;286;39;17;1;05-Sep-17;2016-2017;5331.04
286;1604;47SS2013/RUIRU MILLS/AC.0029;47SS2013/RUIRUMILLS/AC0029/;AC0029;AC0029;47SS2013;PB;10;623;30;10;623;39;284;39;17;1;05-Sep-17;2016-2017;3538.64
287;1605;47SS2006/TINGANGA/AI.0002;47SS2006/TINGANGA/AI0002/;AI0002;AI0002;47SS2006;PB;10;636;30;10;636;237;338;13;17;1;05-Sep-17;2016-2017;4299.36
288;1606;47SS2005/KAMUNDU/AI.0005;47SS2005/KAMUNDU/AI0005/;AI0005;AI0005;47SS2005;PB;25;1512;30;25;1512;160;247;40;17;2;05-Sep-17;2016-2017;7469.28
289;1607;47SS2007/DOONDU/AA.0015;47SS2007/DOONDU/AA0015/;AA0015;AA0015;47SS2007;PB;11;681;30;11;681;237;288;13;17;2;05-Sep-17;2016-2017;3922.56
290;1608;41SS0059/TINGANGA/AI.0002;41SS0059/TINGANGA/AI0002/;AI0002;AI0002;41SS0059;AA;8;488;30;8;488;237;384;13;17;1;05-Sep-17;2016-2017;3747.84
291;1609;47SS2026/DOONDU/AA.0015;47SS2026/DOONDU/AA0015/;AA0015;AA0015;47SS2026;AA;22;1338;30;22;1338;237;389;13;17;1;05-Sep-17;2016-2017;10409.64
292;1610;47SS2025/TINGANGA/AI.0002;47SS2025/TINGANGA/AI0002/;AI0002;AI0002;47SS2025;AA;10;645;30;10;645;237;277;13;17;2;05-Sep-17;2016-2017;3573.3
293;1611;47SS2024/RUIRU MILLS/AC.0029;47SS2024/RUIRUMILLS/AC0029/;AC0029;AC0029;47SS2024;AA;11;697;30;11;697;238;365;57;17;1;05-Sep-17;2016-2017;5088.1
294;1612;47SS2023/KAKINDU/AA.0765;47SS2023/KAKINDU/AA0765/;AA0765;AA0765;47SS2023;AA;15;926;30;15;926;47;365;47;17;1;05-Sep-17;2016-2017;6759.8
295;1613;47SS2022/DOONDU/AA.0015;47SS2022/DOONDU/AA0015/;AA0015;AA0015;47SS2022;AA;13;789;30;13;789;78;384;78;17;1;05-Sep-17;2016-2017;6059.52
296;1614;47SS2021/GULMARG/AA.0035;47SS2021/GULMARG/AA0035/;AA0035;AA0035;47SS2021;AA;21;1306;30;21;1306;78;372;78;17;1;05-Sep-17;2016-2017;9716.64
297;1615;47SS2020/KAMUNDU/AI.0005;47SS2020/KAMUNDU/AI0005/;AI0005;AI0005;47SS2020;AA;27;1653;30;27;1653;160;367;40;17;1;05-Sep-17;2016-2017;12133.02
298;1616;47SS2019/KAKINDU/AA.0765;47SS2019/KAKINDU/AA0765/;AA0765;AA0765;47SS2019;AA;16;970;30;16;970;237;382;13;17;1;05-Sep-17;2016-2017;7410.8
299;1617;47SS2018/RUIRU MILLS/AC.0029;47SS2018/RUIRUMILLS/AC0029/;AC0029;AC0029;47SS2018;AA;22;1373;30;22;1373;237;381;13;17;1;05-Sep-17;2016-2017;10462.26
300;1618;47SS2017/DOONDU/AA.0015;47SS2017/DOONDU/AA0015/;AA0015;AA0015;47SS2017;AA;16;997;30;16;997;237;382;13;17;1;05-Sep-17;2016-2017;7617.08
301;1619;47SS2016/MWEIGA/AG.0014;47SS2016/MWEIGA/AG0014/;AG0014;AG0014;47SS2016;AA;12;735;30;12;735;78;395;78;17;1;05-Sep-17;2016-2017;5806.5
302;1620;47SS2015/TINGANGA/AI.0002;47SS2015/TINGANGA/AI0002/;AI0002;AI0002;47SS2015;AA;18;1127;30;18;1127;237;383;13;17;1;05-Sep-17;2016-2017;8632.82
303;1621;45LE0009/MBEE/XBE06F04;45LE0009/MBEE/XBE06F04/;XBE06F04;XBE06F04;45LE0009;AA;15;913;30;15;913;237;383;13;17;1;05-Sep-17;2016-2017;6993.58
304;1622;44LE0001/KALUA/XBE06F01;44LE0001/KALUA/XBE06F01/;XBE06F01;XBE06F01;44LE0001;AA;5;323;30;5;323;62;373;62;17;1;05-Sep-17;2016-2017;2409.58
305;1623;41SS0025/GULMARG/AA.0035;41SS0025/GULMARG/AA0035/;AA0035;AA0035;41SS0025;AA;5;330;30;5;330;62;370;62;17;1;05-Sep-17;2016-2017;2442
306;1624;47SS2014/KAKINDU/AA.0765;47SS2014/KAKINDU/AA0765/;AA0765;AA0765;47SS2014;AA;15;928;30;15;928;62;376;62;17;1;05-Sep-17;2016-2017;6978.56
307;1625;47SS2013/RUIRU MILLS/AC.0029;47SS2013/RUIRUMILLS/AC0029/;AC0029;AC0029;47SS2013;AA;22;1329;30;22;1329;118;312;16;17;2;05-Sep-17;2016-2017;8292.96
308;1626;46LE0021/MBEE/XBE06F04;46LE0021/MBEE/XBE06F04/;XBE06F04;XBE06F04;46LE0021;AA;12;756;30;12;756;160;387;40;17;1;05-Sep-17;2016-2017;5851.44
309;1627;47SS2012/DOONDU/AA.0015;47SS2012/DOONDU/AA0015/;AA0015;AA0015;47SS2012;AA;47;2862;30;47;2862;237;383;13;17;1;05-Sep-17;2016-2017;21922.92
310;1628;47SS2011/KAMUNDU/AI.0005;47SS2011/KAMUNDU/AI0005/;AI0005;AI0005;47SS2011;AA;22;1371;30;22;1371;237;397;13;17;1;05-Sep-17;2016-2017;10885.74
311;1629;47SS2010/GULMARG/AA.0035;47SS2010/GULMARG/AA0035/;AA0035;AA0035;47SS2010;AA;32;1946;30;32;1946;237;396;13;17;1;05-Sep-17;2016-2017;15412.32
312;1630;47SS2009/MWEIGA/AG.0014;47SS2009/MWEIGA/AG0014/;AG0014;AG0014;47SS2009;AA;13;787;30;13;787;78;393;78;17;1;05-Sep-17;2016-2017;6185.82
313;1631;47SS2008/GULMARG/AA.0035;47SS2008/GULMARG/AA0035/;AA0035;AA0035;47SS2008;AA;25;1564;30;25;1564;237;384;13;17;1;05-Sep-17;2016-2017;12011.52
314;1632;47SS2007/DOONDU/AA.0015;47SS2007/DOONDU/AA0015/;AA0015;AA0015;47SS2007;AA;35;2166;30;35;2166;118;394;16;17;1;05-Sep-17;2016-2017;17068.08
315;1633;47SS2006/TINGANGA/AI.0002;47SS2006/TINGANGA/AI0002/;AI0002;AI0002;47SS2006;AA;18;1096;30;18;1096;118;390;16;17;2;05-Sep-17;2016-2017;8548.8
316;1634;47SS2005/KAMUNDU/AI.0005;47SS2005/KAMUNDU/AI0005/;AI0005;AI0005;47SS2005;AA;24;1460;30;24;1460;62;382;62;17;2;05-Sep-17;2016-2017;11154.4
317;1635;46SS1006/GATHIRUINI/XAA03F02;46SS1006/GATHIRUINI/XAA03F02/;XAA03F02;XAA03F02;46SS1006;AA;5;356;30;5;356;221;386;49;17;1;05-Sep-17;2016-2017;2748.32
318;1636;46SS1005/KANAKE/XAA03F11;46SS1005/KANAKE/XAA03F11/;XAA03F11;XAA03F11;46SS1005;AA;4;286;30;4;286;78;389;78;17;1;05-Sep-17;2016-2017;2225.08
319;1637;46SS1004/P/BULK;46SS1004/P/BULK/;BULK;BULK;46SS1004;UG2;38;2318;30;38;2318;237;75;13;17;2;05-Sep-17;2016-2017;3477
320;1638;44LE0086/UTOONI/XBE06F05;44LE0086/UTOONI/XBE06F05/;XBE06F05;XBE06F05;44LE0086;UG2;13;673;30;13;673;237;91;13;17;2;05-Sep-17;2016-2017;1224.86
321;1639;43LE0033/MUSILILI/XBE30F01;43LE0033/MUSILILI/XBE30F01/;XBE30F01;XBE30F01;43LE0033;UG2;23;1179;30;23;1179;237;102;13;17;1;05-Sep-17;2016-2017;2405.16
322;1640;46SS0080/GULMARG/AA.0035;46SS0080/GULMARG/AA0035/;AA0035;AA0035;46SS0080;UG2;30;1843;30;30;1843;237;133;13;17;1;05-Sep-17;2016-2017;4902.38
323;1641;46SS1004/P/BULK;46SS1004/P/BULK/;BULK;BULK;46SS1004;UG1;21;1315;30;21;1315;74;130;74;17;1;05-Sep-17;2016-2017;3419
324;1642;44LE0086/UTOONI/XBE06F05;44LE0086/UTOONI/XBE06F05/;XBE06F05;XBE06F05;44LE0086;UG1;10;654;30;10;654;21;139;21;17;2;05-Sep-17;2016-2017;1818.12
325;1643;43LE0033/MUSILILI/XBE30F01;43LE0033/MUSILILI/XBE30F01/;XBE30F01;XBE30F01;43LE0033;UG1;19;1186;30;19;1186;21;133;21;17;2;05-Sep-17;2016-2017;3154.76
326;1644;46SS0080/GULMARG/AA.0035;46SS0080/GULMARG/AA0035/;AA0035;AA0035;46SS0080;UG1;10;656;30;10;656;39;108;39;17;2;05-Sep-17;2016-2017;1416.96
327;1645;46SS1008/KAGUMOINI/XAB81F01;46SS1008/KAGUMOINI/XAB81F01/;XAB81F01;XAB81F01;46SS1008;T;9;567;30;9;567;39;133;39;17;1;05-Sep-17;2016-2017;1508.22
328;1646;42LE1000/P/BULK;42LE1000/P/BULK/;BULK;BULK;42LE1000;T;8;502;30;8;502;39;78;39;17;2;05-Sep-17;2016-2017;783.12
329;1647;46LE1004/P/BULK;46LE1004/P/BULK/;BULK;BULK;46LE1004;T;7;465;30;7;465;39;105;39;17;2;05-Sep-17;2016-2017;976.5
330;1648;44LE0073/KITHIMA/XBE06F03;44LE0073/KITHIMA/XBE06F03/;XBE06F03;XBE06F03;44LE0073;T;28;1712;30;28;1712;52;146;52;17;1;05-Sep-17;2016-2017;4999.04
331;1649;46SS0077/NCHOROIBOR/XBB63F01;46SS0077/NCHOROIBOR/XBB63F01/;XBB63F01;XBB63F01;46SS0077;T;22;1386;30;22;1386;237;87;13;17;2;05-Sep-17;2016-2017;2411.64
332;1650;46LE1002/P/BULK;46LE1002/P/BULK/;BULK;BULK;46LE1002;T;19;1172;30;19;1172;160;109;40;17;2;05-Sep-17;2016-2017;2554.96
333;1651;46SS0085/KITHOKA/XBB06F08;46SS0085/KITHOKA/XBB06F08/;XBB06F08;XBB06F08;46SS0085;T;17;1062;30;17;1062;237;97;13;17;2;05-Sep-17;2016-2017;2060.28
334;1652;46SS0078/NCHOROIBOR/XBB63F01;46SS0078/NCHOROIBOR/XBB63F01/;XBB63F01;XBB63F01;46SS0078;T;16;960;30;16;960;74;96;74;17;2;05-Sep-17;2016-2017;1843.2
335;1653;46SS2004/BULK;46SS2004/BULK;HE;18;1088;30;18;1088;237;132;13;17;2;05-Sep-17;2016-2017;2872.32;;;
336;1654;46SS2003/BULK;46SS2003/BULK;HE;23;1438;30;23;1438;237;133;13;17;2;05-Sep-17;2016-2017;3825.08;;;
337;1655;46SS1008/KAGUMOINI/XAB81F01;46SS1008/KAGUMOINI/XAB81F01/;XAB81F01;XAB81F01;46SS1008;TT;6;397;30;6;397;237;229;13;17;1;05-Sep-17;2016-2017;1818.26
338;1656;46LE1002/P/BULK;46LE1002/P/BULK/;BULK;BULK;46LE1002;TT;7;478;30;7;478;237;141;13;17;1;05-Sep-17;2016-2017;1347.96
339;1657;46LE1004/P/BULK;46LE1004/P/BULK/;BULK;BULK;46LE1004;TT;7;481;30;7;481;74;151;74;17;2;05-Sep-17;2016-2017;1452.62
340;1658;46LE1004/P/BULK;46LE1004/P/BULK/;BULK;BULK;46LE1004;C;11;685;30;11;685;160;242;40;17;1;05-Sep-17;2016-2017;3315.4
341;1659;42LE1000/P/BULK;42LE1000/P/BULK/;BULK;BULK;42LE1000;C;15;937;30;15;937;238;231;57;17;1;05-Sep-17;2016-2017;4328.94
342;1660;46SS1008/KAGUMOINI/XAB81F01;46SS1008/KAGUMOINI/XAB81F01/;XAB81F01;XAB81F01;46SS1008;C;54;3240;30;54;3240;74;181;74;17;2;05-Sep-17;2016-2017;11728.8
343;1661;44LE0073/KITHIMA/XBE06F03;44LE0073/KITHIMA/XBE06F03/;XBE06F03;XBE06F03;44LE0073;C;45;2757;30;45;2757;52;249;52;17;1;05-Sep-17;2016-2017;13729.86
344;1662;43LE0032/MUSILILI/XBE30F01;43LE0032/MUSILILI/XBE30F01/;XBE30F01;XBE30F01;43LE0032;C;5;337;30;5;337;39;151;39;17;2;05-Sep-17;2016-2017;1017.74
345;1663;46SS0077/NCHOROIBOR/XBB63F01;46SS0077/NCHOROIBOR/XBB63F01/;XBB63F01;XBB63F01;46SS0077;C;43;2600;30;43;2600;52;184;52;17;2;05-Sep-17;2016-2017;9568
346;1664;46LE1002/P/BULK;46LE1002/P/BULK/;BULK;BULK;46LE1002;C;20;1237;30;20;1237;52;144;52;17;2;05-Sep-17;2016-2017;3562.56
347;1665;46SS0085/KITHOKA/XBB06F08;46SS0085/KITHOKA/XBB06F08/;XBB06F08;XBB06F08;46SS0085;C;31;1924;30;31;1924;151;140;42;17;2;05-Sep-17;2016-2017;5387.2
348;1666;46SS0078/NCHOROIBOR/XBB63F01;46SS0078/NCHOROIBOR/XBB63F01/;XBB63F01;XBB63F01;46SS0078;C;48;2889;30;48;2889;52;150;52;17;2;05-Sep-17;2016-2017;8667
349;1667;46SS1008/KAGUMOINI/XAB81F01;46SS1008/KAGUMOINI/XAB81F01/;XAB81F01;XAB81F01;46SS1008;AB;35;2120;30;35;2120;74;190;74;17;2;05-Sep-17;2016-2017;8056
350;1668;41SS3007/KEKUKA/AB.0473C;41SS3007/KEKUKA/AB0473C/;AB0473C;AB0473C;41SS3007;AB;2;186;30;2;186;151;153;42;17;2;05-Sep-17;2016-2017;569.16
351;1669;46LE1002/P/BULK;46LE1002/P/BULK/;BULK;BULK;46LE1002;AB;10;615;30;10;615;238;251;57;17;2;05-Sep-17;2016-2017;3087.3
352;1670;46SS0085/KITHOKA/XBB06F08;46SS0085/KITHOKA/XBB06F08/;XBB06F08;XBB06F08;46SS0085;AB;7;468;30;7;468;39;164;39;17;2;05-Sep-17;2016-2017;1535.04
353;1671;46SS0078/NCHOROIBOR/XBB63F01;46SS0078/NCHOROIBOR/XBB63F01/;XBB63F01;XBB63F01;46SS0078;AB;20;1221;30;20;1221;47;251;47;17;2;05-Sep-17;2016-2017;6129.42
354;1672;47SS1001/BULK;47SS1001/BULK;ML;19;1205;30;19;1205;238;98;57;17;1;05-Sep-17;2016-2017;2361.8;;;
355;1673;47SS1001/BULK;47SS1001/BULK;MH;21;1260;30;21;1260;238;110;57;17;1;05-Sep-17;2016-2017;2772;;;
356;1201;44NG1007/BULK;44NG1007/BULK;T;11;719;30;11;719;237;89;13;16;2;05-Sep-17;2016-2017;1279.82;;;
357;1202;44MT2012/BULK;44MT2012/BULK;T;11;707;30;11;707;39;116;39;16;2;05-Sep-17;2016-2017;1640.24;;;
358;1203;42LE0068/KITONGI/XBE24F01;42LE0068/KITONGI/XBE24F01/;XBE24F01;XBE24F01;42LE0068;T;51;3097;30;51;3097;39;118;39;16;2;05-Sep-17;2016-2017;7308.92
359;1204;46NG1011/BULK;46NG1011/BULK;T;6;425;30;0;0;21;50;0;16;2;05-Sep-17;2016-2017;0;;;
360;1205;46MT2010/BULK;46MT2010/BULK;T;4;296;30;4;296;39;129;39;16;2;05-Sep-17;2016-2017;763.68;;;
361;1206;44MT2015/BULK;44MT2015/BULK;TT;8;512;30;8;512;237;131;13;16;2;05-Sep-17;2016-2017;1341.44;;;
362;1207;46MT2011/BULK;46MT2011/BULK;TT;6;380;30;6;380;237;134;13;16;2;05-Sep-17;2016-2017;1018.4;;;
363;1208;44MT2013/BULK;44MT2013/BULK;TT;6;425;30;6;425;237;136;13;16;2;05-Sep-17;2016-2017;1156;;;
364;1209;46MT2012/BULK;46MT2012/BULK;TT;13;780;30;13;780;47;232;13;16;1;05-Sep-17;2016-2017;3619.2;;;
365;1210;44MT2014/BULK;44MT2014/BULK;TT;6;378;30;6;378;237;202;13;16;2;05-Sep-17;2016-2017;1527.12;;;
366;1211;46NG1008/BULK;46NG1008/BULK;C;38;2345;30;38;2345;237;191;13;16;2;05-Sep-17;2016-2017;8957.9;;;
367;1212;46NG0041/CHANIA BRIDGE/AB0008;46NG0041/CHANIABRIDGE/AB0008/;AB0008;AB0008;46NG0041;C;56;3390;30;56;3390;237;192;13;16;2;05-Sep-17;2016-2017;13017.6
368;1213;44NG3001/TWIN RIVER 2/AB0259;44NG3001/TWINRIVER2/AB0259/;AB0259;AB0259;44NG3001;C;45;2754;30;45;2754;52;135;52;16;2;05-Sep-17;2016-2017;7435.8
369;1214;43NG0023/KIGANDA/AB0034;43NG0023/KIGANDA/AB0034/;AB0034;AB0034;43NG0023;C;34;2072;30;34;2072;52;153;52;16;2;05-Sep-17;2016-2017;6340.32
370;1215;44NG1007/BULK;44NG1007/BULK;C;22;1383;30;22;1383;52;169;52;16;2;05-Sep-17;2016-2017;4674.54;;;
371;1216;46NG1011/BULK;46NG1011/BULK;C;54;3271;30;54;3271;237;233;13;16;1;05-Sep-17;2016-2017;15242.86;;;
372;1217;43GS0014/KIONYO/XEA23F02;43GS0014/KIONYO/XEA23F02/;XEA23F02;XEA23F02;43GS0014;C;11;675;30;11;675;52;253;52;16;1;05-Sep-17;2016-2017;3415.5
373;1218;46NG0014/NDARUGU/AB0039;46NG0014/NDARUGU/AB0039/;AB0039;AB0039;46NG0014;C;93;5638;30;93;5638;39;259;39;16;1;05-Sep-17;2016-2017;29204.84
374;1219;44GS2400/BULK;44GS2400/BULK;C;42;2554;30;42;2554;52;259;52;16;1;05-Sep-17;2016-2017;13229.72;;;
375;1220;47GS2400/BULK;47GS2400/BULK;C;68;4147;30;68;4147;226;234;54;16;2;05-Sep-17;2016-2017;19407.96;;;
376;1221;41GS0039/KENYENYA/XEA17F01;41GS0039/KENYENYA/XEA17F01/;XEA17F01;XEA17F01;41GS0039;C;15;950;30;15;950;39;258;39;16;2;05-Sep-17;2016-2017;4902
377;1222;44NG0003/MUKUYUNI/XBE28F01;44NG0003/MUKUYUNI/XBE28F01/;XBE28F01;XBE28F01;44NG0003;C;45;2706;30;45;2706;52;268;52;16;1;05-Sep-17;2016-2017;14504.16
378;1223;46NG0040/CHANIA BRIDGE/AB0008;46NG0040/CHANIABRIDGE/AB0008/;AB0008;AB0008;46NG0040;C;51;3119;30;51;3119;39;253;39;16;2;05-Sep-17;2016-2017;15782.14
379;1224;46NG1012/BULK;46NG1012/BULK;C;64;3869;30;64;3869;52;254;52;16;2;05-Sep-17;2016-2017;19654.52;;;
380;1225;42NG0043/IYEGO/XAB13F01;42NG0043/IYEGO/XAB13F01/;XAB13F01;XAB13F01;42NG0043;C;55;3330;30;55;3330;78;263;78;16;2;05-Sep-17;2016-2017;17515.8
381;1226;46NG1004/THANGA-INI FCS/XAB20;46NG1004/THANGA-INIFCS/XAB20/;XAB20;XAB20;46NG1004;C;63;3792;30;63;3792;52;263;52;16;2;05-Sep-17;2016-2017;19945.92
382;1227;46NG1008/BULK;46NG1008/BULK;AB;10;641;30;10;641;74;237;74;16;1;05-Sep-17;2016-2017;3038.34;;;
383;1228;46NG0041/CHANIA BRIDGE/AB0008;46NG0041/CHANIABRIDGE/AB0008/;AB0008;AB0008;46NG0041;AB;11;709;30;11;709;62;272;62;16;1;05-Sep-17;2016-2017;3856.96
384;1229;46MT2013/BULK;46MT2013/BULK;AB;15;911;30;15;911;51;145;51;16;2;05-Sep-17;2016-2017;2641.9;;;
385;1230;44NG0051/MUHUGU/AA0050;44NG0051/MUHUGU/AA0050/;AA0050;AA0050;44NG0051;AB;5;318;30;5;318;62;235;62;16;2;05-Sep-17;2016-2017;1494.6
386;1231;44NG1007/BULK;44NG1007/BULK;AB;8;513;30;8;513;39;229;39;16;2;05-Sep-17;2016-2017;2349.54;;;
387;1232;46NG1011/BULK;46NG1011/BULK;AB;88;5339;30;88;5339;74;234;74;16;2;05-Sep-17;2016-2017;24986.52;;;
388;1233;46MT2004/BULK;46MT2004/BULK;AB;7;482;30;7;482;78;234;78;16;2;05-Sep-17;2016-2017;2255.76;;;
389;1234;44GS2101/BULK;44GS2101/BULK;AB;38;2324;30;38;2324;39;278;39;16;1;05-Sep-17;2016-2017;12921.44;;;
390;1235;47GS2101/BULK;47GS2101/BULK;AB;57;3459;30;57;3459;39;282;39;16;1;05-Sep-17;2016-2017;19508.76;;;
391;1236;43GS0014/KIONYO/XEA23F02;43GS0014/KIONYO/XEA23F02/;XEA23F02;XEA23F02;43GS0014;AB;11;694;30;11;694;62;283;62;16;1;05-Sep-17;2016-2017;3928.04
392;1237;46NG1012/BULK;46NG1012/BULK;AB;20;1223;30;20;1223;237;283;13;16;1;05-Sep-17;2016-2017;6922.18;;;
393;1238;46NG0040/CHANIA BRIDGE/AB0008;46NG0040/CHANIABRIDGE/AB0008/;AB0008;AB0008;46NG0040;AB;10;664;30;10;664;237;284;13;16;1;05-Sep-17;2016-2017;3771.52
394;1239;46NG0014/NDARUGU/AB0039;46NG0014/NDARUGU/AB0039/;AB0039;AB0039;46NG0014;AB;32;1932;30;32;1932;238;284;57;16;1;05-Sep-17;2016-2017;10973.76
395;1240;46NG1004/THANGA-INI FCS/XAB20;46NG1004/THANGA-INIFCS/XAB20/;XAB20;XAB20;46NG1004;AB;21;1279;30;21;1279;238;283;57;16;2;05-Sep-17;2016-2017;7239.14
396;1241;42NG0043/IYEGO/XAB13F01;42NG0043/IYEGO/XAB13F01/;XAB13F01;XAB13F01;42NG0043;AB;30;1845;30;30;1845;78;283;78;16;2;05-Sep-17;2016-2017;10442.7
397;1242;46MT2007/BULK;46MT2007/BULK;PB;10;600;30;10;600;237;201;13;16;2;05-Sep-17;2016-2017;2412;;;
398;1243;46MT2006/BULK;46MT2006/BULK;PB;10;666;30;10;666;39;281;39;16;1;05-Sep-17;2016-2017;3742.92;;;
399;1244;46MT2008/BULK;46MT2008/BULK;PB;6;395;30;6;395;39;280;39;16;1;05-Sep-17;2016-2017;2212;;;
400;1245;46MT2009/BULK;46MT2009/BULK;PB;6;400;30;6;400;39;281;39;16;1;05-Sep-17;2016-2017;2248;;;
401;1246;46MT2002/BULK;46MT2002/BULK;AA;5;329;30;5;329;238;268;57;16;2;05-Sep-17;2016-2017;1763.44;;;
402;1247;46NG1011/BULK;46NG1011/BULK;AA;22;1351;30;22;1351;237;256;13;16;2;05-Sep-17;2016-2017;6917.12;;;
403;1248;46MT2014/BULK;46MT2014/BULK;AA;5;345;30;5;345;62;377;62;16;2;05-Sep-17;2016-2017;2601.3;;;
404;1249;44MT2009/BULK;44MT2009/BULK;AA;7;471;30;7;471;238;362;57;16;2;05-Sep-17;2016-2017;3410.04;;;
405;1250;46MT2001/BULK;46MT2001/BULK;AA;7;484;30;7;484;62;374;62;16;2;05-Sep-17;2016-2017;3620.32;;;
406;1251;46MT2003/BULK;46MT2003/BULK;AA;6;426;30;6;426;237;388;13;16;2;05-Sep-17;2016-2017;3305.76;;;
407;1252;44MT2007/BULK;44MT2007/BULK;UG3;9;576;30;9;576;237;62;13;16;2;05-Sep-17;2016-2017;714.24;;;
408;1253;44MT2008/BULK;44MT2008/BULK;UG3;9;560;30;9;560;237;71;13;16;1;05-Sep-17;2016-2017;795.2;;;
409;1254;40NG0014/IRIGITHATHI/AB0044;40NG0014/IRIGITHATHI/AB0044/;AB0044;AB0044;40NG0014;UG3;5;321;30;5;321;237;70;13;16;1;05-Sep-17;2016-2017;449.4
410;1255;40NG1004/NYAKIO/AB0015;40NG1004/NYAKIO/AB0015/;AB0015;AB0015;40NG1004;UG3;6;412;30;6;412;237;71;13;16;1;05-Sep-17;2016-2017;585.04
411;1256;46NG1010/NYAKIO/AB0015;46NG1010/NYAKIO/AB0015/;AB0015;AB0015;46NG1010;UG3;11;727;30;11;727;237;70;13;16;2;05-Sep-17;2016-2017;1017.8
412;1257;46MT2018/BULK;46MT2018/BULK;UG3;5;320;30;5;320;21;31;21;16;2;05-Sep-17;2016-2017;198.4;;;
413;1258;46MT2017/BULK;46MT2017/BULK;UG2;6;410;30;6;410;238;91;57;16;2;05-Sep-17;2016-2017;746.2;;;
414;1259;46NG1009/BULK;46NG1009/BULK;UG2;9;576;30;9;576;52;136;52;16;1;05-Sep-17;2016-2017;1566.72;;;
415;1260;46NG1010/NYAKIO/AB0015;46NG1010/NYAKIO/AB0015/;AB0015;AB0015;46NG1010;UG1;10;639;30;10;639;39;134;39;16;2;05-Sep-17;2016-2017;1712.52
416;1261;44MT4001/NKG;44MT4001/NKG;UG;30;1800;30;30;1800;51;156;51;16;2;05-Sep-17;2016-2017;5616;;;
417;1262;42MT2005/BULK;42MT2005/BULK;HE;8;494;30;8;494;237;71;13;16;1;05-Sep-17;2016-2017;701.48;;;
418;1263;46NG1009/BULK;46NG1009/BULK;HE;6;383;30;6;383;21;100;21;16;1;05-Sep-17;2016-2017;766;;;
419;1264;46MT2015/BULK;46MT2015/BULK;HE;6;397;30;6;397;74;112;74;16;1;05-Sep-17;2016-2017;889.28;;;
420;1265;44MT2011/BULK;44MT2011/BULK;HE;13;844;30;13;844;74;96;74;16;2;05-Sep-17;2016-2017;1620.48;;;
421;1266;46MT2005/BULK;46MT2005/BULK;HE;5;335;30;5;335;21;100;21;16;2;05-Sep-17;2016-2017;670;;;
422;1267;44MT2010/BULK;44MT2010/BULK;HE;7;472;30;7;472;52;135;52;16;1;05-Sep-17;2016-2017;1274.4;;;
423;1268;43MT2006/BULK;43MT2006/BULK;HE;33;1980;30;33;1980;160;106;40;16;2;05-Sep-17;2016-2017;4197.6;;;
424;1269;44NG0051/MUHUGU/AA0050;44NG0051/MUHUGU/AA0050/;AA0050;AA0050;44NG0051;T;12;757;30;12;757;21;31;21;16;2;05-Sep-17;2016-2017;469.34
425;1270;44NG3001/TWIN RIVER 2/AB0259;44NG3001/TWINRIVER2/AB0259/;AB0259;AB0259;44NG3001;T;21;1268;30;21;1268;39;91;39;16;1;05-Sep-17;2016-2017;2307.76
426;1271;46NG1009/BULK;46NG1009/BULK;T;38;2301;30;38;2301;160;91;40;16;1;05-Sep-17;2016-2017;4187.82;;;
427;1272;46NG0041/CHANIA BRIDGE/AB0008;46NG0041/CHANIABRIDGE/AB0008/;AB0008;AB0008;46NG0041;T;9;549;30;9;549;237;131;13;16;1;05-Sep-17;2016-2017;1438.38
428;1273;44NG0051/MUHUGU/AA0050;44NG0051/MUHUGU/AA0050/;AA0050;AA0050;44NG0051;C;56;3374;30;56;3374;237;130;13;16;2;05-Sep-17;2016-2017;8772.4
429;2001;38KF0001/BENDOR/AB 0003;38KF0001/BENDOR/AB0003/;AB0003;AB0003;38KF0001;T;19;1179;30;19;1179;237;140;13;19;2;05-Sep-17;2016-2017;3301.2
430;2002;45CK2003/T/BULK;45CK2003/T/BULK/;BULK;BULK;45CK2003;T;44;2678;30;44;2678;160;132;40;19;2;05-Sep-17;2016-2017;7069.92
431;2003;33MC2005/TT/BULK;33MC2005/TT/BULK/;BULK;BULK;33MC2005;TT;14;898;30;14;898;237;238;13;19;2;05-Sep-17;2016-2017;4274.48
432;2004;46CK2004/TT/ BULK;46CK2004/TT/BULK/;BULK;BULK;46CK2004;TT;18;1098;30;18;1098;238;237;57;19;2;05-Sep-17;2016-2017;5204.52
433;2005;33MC2001/C/BULK;33MC2001/C/BULK/;BULK;BULK;33MC2001;C;8;531;30;8;531;237;131;13;19;2;05-Sep-17;2016-2017;1391.22
434;2006;42MC2000/C/BULK;42MC2000/C/BULK/;BULK;BULK;42MC2000;C;10;600;30;10;600;237;130;13;19;2;05-Sep-17;2016-2017;1560
435;2007;46CK1002/P/BULK;46CK1002/P/BULK/;BULK;BULK;46CK1002;C;37;2251;30;37;2251;78;258;78;19;2;05-Sep-17;2016-2017;11615.16
436;2008;45CK1001/P/BULK;45CK1001/P/BULK/;BULK;BULK;45CK1001;C;33;2035;30;33;2035;237;133;13;19;2;05-Sep-17;2016-2017;5413.1
437;2009;45CK1002/P/BULK;45CK1002/P/BULK/;BULK;BULK;45CK1002;C;10;630;30;10;630;237;132;13;19;2;05-Sep-17;2016-2017;1663.2
438;2010;45CK1003/P/BULK;45CK1003/P/BULK/;BULK;BULK;45CK1003;C;20;1251;30;20;1251;160;138;40;19;2;05-Sep-17;2016-2017;3452.76
439;2011;45CK1000/P/BULK;45CK1000/P/BULK/;BULK;BULK;45CK1000;C;102;6131;30;102;6131;78;251;78;19;2;05-Sep-17;2016-2017;30777.62
440;2012;45CK1005/P/BULK;45CK1005/P/BULK/;BULK;BULK;45CK1005;C;47;2873;30;47;2873;160;259;40;19;2;05-Sep-17;2016-2017;14882.14
441;2013;44CK0158/UNJA/XBB071F02;44CK0158/UNJA/XBB071F02/;XBB071F02;XBB071F02;44CK0158;C;20;1220;30;20;1220;19;262;19;19;2;05-Sep-17;2016-2017;6392.8
442;2014;44CK0114/MUTINDWA/XBC006;44CK0114/MUTINDWA/XBC006/;XBC006;XBC006;44CK0114;C;73;4421;30;73;4421;74;250;74;19;2;05-Sep-17;2016-2017;22105
443;2015;44CK0156/KARURUMONE/XBB071F01;44CK0156/KARURUMONE/XBB071F01/;XBB071F01;XBB071F01;44CK0156;C;22;1367;30;22;1367;19;261;19;19;2;05-Sep-17;2016-2017;7135.74
444;2016;44CK0163/MAARA/XBC028F01;44CK0163/MAARA/XBC028F01/;XBC028F01;XBC028F01;44CK0163;C;23;1402;30;23;1402;78;262;78;19;2;05-Sep-17;2016-2017;7346.48
445;2017;44CK0134/GACHUNGU/XBD011F02;44CK0134/GACHUNGU/XBD011F02/;XBD011F02;XBD011F02;44CK0134;C;29;1740;30;29;1740;238;248;57;19;2;05-Sep-17;2016-2017;8630.4
446;2018;44CK0086/MAURA/XBB065F02;44CK0086/MAURA/XBB065F02/;XBB065F02;XBB065F02;44CK0086;C;30;1832;30;30;1832;78;261;78;19;2;05-Sep-17;2016-2017;9563.04
447;2019;44CK1013/P/BULK;44CK1013/P/BULK/;BULK;BULK;44CK1013;C;36;2210;30;36;2210;237;151;13;19;2;05-Sep-17;2016-2017;6674.2
448;2020;44CK0108/KATHITHIUKU/XBC010F02;44CK0108/KATHITHIUKU/XBC010F02/;XBC010F02;XBC010F02;44CK0108;C;39;2366;30;39;2366;78;244;78;19;2;05-Sep-17;2016-2017;11546.08
449;2021;44CK0136/KAGURU/XBB030;44CK0136/KAGURU/XBB030/;XBB030;XBB030;44CK0136;C;29;1765;30;29;1765;238;259;57;19;2;05-Sep-17;2016-2017;9142.7
450;2022;44CK0137/KAGURU/XBB030;44CK0137/KAGURU/XBB030/;XBB030;XBB030;44CK0137;C;29;1779;30;29;1779;78;262;78;19;2;05-Sep-17;2016-2017;9321.96
451;2023;44CK0040/MUNANI/XBB 064 F01;44CK0040/MUNANI/XBB064F01/;XBB064F01;XBB064F01;44CK0040;C;31;1909;30;31;1909;78;261;78;19;2;05-Sep-17;2016-2017;9964.98
452;2024;46CK1002/P/BULK;46CK1002/P/BULK/;BULK;BULK;46CK1002;AB;64;3840;30;64;3840;52;293;52;19;2;05-Sep-17;2016-2017;22502.4
453;2025;45CK1000/P/BULK;45CK1000/P/BULK/;BULK;BULK;45CK1000;AB;51;3099;30;51;3099;78;292;78;19;2;05-Sep-17;2016-2017;18098.16
454;2026;45CK1001/P/BULK;45CK1001/P/BULK/;BULK;BULK;45CK1001;AB;13;838;30;13;838;39;288;39;19;2;05-Sep-17;2016-2017;4826.88
455;2027;44CK0108/KATHITHIUKU/XBC010F02;44CK0108/KATHITHIUKU/XBC010F02/;XBC010F02;XBC010F02;44CK0108;AB;13;813;30;13;813;39;288;39;19;2;05-Sep-17;2016-2017;4682.88
456;2028;45CK1005/P/BULK;45CK1005/P/BULK/;BULK;BULK;45CK1005;AB;38;2280;30;38;2280;238;282;57;19;2;05-Sep-17;2016-2017;12859.2
457;2029;44CK1013/P/BULK;44CK1013/P/BULK/;BULK;BULK;44CK1013;AB;15;954;30;15;954;39;286;39;19;2;05-Sep-17;2016-2017;5456.88
458;2030;44CK0134/GACHUNGU/XBD011F02;44CK0134/GACHUNGU/XBD011F02/;XBD011F02;XBD011F02;44CK0134;AB;16;971;30;16;971;78;289;78;19;2;05-Sep-17;2016-2017;5612.38
459;2031;44CK0086/MAURA/XBB065F02;44CK0086/MAURA/XBB065F02/;XBB065F02;XBB065F02;44CK0086;AB;17;1028;30;17;1028;39;294;39;19;2;05-Sep-17;2016-2017;6044.64
460;2032;44CK0163/MAARA/XBC028F01;44CK0163/MAARA/XBC028F01/;XBC028F01;XBC028F01;44CK0163;AB;18;1088;30;18;1088;62;288;62;19;2;05-Sep-17;2016-2017;6266.88
461;2033;44CK0158/UNJA/XBB071F02;44CK0158/UNJA/XBB071F02/;XBB071F02;XBB071F02;44CK0158;AB;28;1735;30;28;1735;238;287;57;19;2;05-Sep-17;2016-2017;9958.9
462;2034;44CK0156/KARURUMONE/XBB071F01;44CK0156/KARURUMONE/XBB071F01/;XBB071F01;XBB071F01;44CK0156;AB;51;3090;30;51;3090;39;286;39;19;2;05-Sep-17;2016-2017;17674.8
463;2035;44CK0136/KAGURU/XBB030;44CK0136/KAGURU/XBB030/;XBB030;XBB030;44CK0136;AB;40;2428;30;40;2428;39;286;39;19;2;05-Sep-17;2016-2017;13888.16
464;2036;44CK0137/KAGURU/XBB030;44CK0137/KAGURU/XBB030/;XBB030;XBB030;44CK0137;AB;40;2445;30;40;2445;39;295;39;19;2;05-Sep-17;2016-2017;14425.5
465;2037;44CK0114/MUTINDWA/XBC006;44CK0114/MUTINDWA/XBC006/;XBC006;XBC006;44CK0114;AB;61;3711;30;61;3711;78;292;78;19;2;05-Sep-17;2016-2017;21672.24
466;2038;44CK0040/MUNANI/XBB 064 F01;44CK0040/MUNANI/XBB064F01/;XBB064F01;XBB064F01;44CK0040;AB;50;3036;30;50;3036;78;286;78;19;2;05-Sep-17;2016-2017;17365.92
467;2039;33MC2003/PB/BULK;33MC2003/PB/BULK/;BULK;BULK;33MC2003;PB;5;340;30;5;340;39;258;39;19;2;05-Sep-17;2016-2017;1754.4
468;2040;43MC2010/PB/BULK;43MC2010/PB/BULK/;BULK;BULK;43MC2010;PB;6;394;30;6;394;74;235;74;19;2;05-Sep-17;2016-2017;1851.8
469;2041;45CK2002/PB/BULK;45CK2002/PB/BULK/;BULK;BULK;45CK2002;PB;25;1529;30;25;1529;78;288;78;19;2;05-Sep-17;2016-2017;8807.04
470;2042;45CK2001/AA/BULK;45CK2001/AA/BULK/;BULK;BULK;45CK2001;AA;21;1310;30;21;1310;237;311;13;19;2;05-Sep-17;2016-2017;8148.2
471;2044;33MC2002/AA/BULK;33MC2002/AA/BULK/;BULK;BULK;33MC2002;AA;12;743;30;12;743;237;291;13;19;2;05-Sep-17;2016-2017;4324.26
472;2045;44CK0156/KARURUMONE/XBB071F01;44CK0156/KARURUMONE/XBB071F01/;XBB071F01;XBB071F01;44CK0156;AA;12;737;30;12;737;78;383;62;19;2;05-Sep-17;2016-2017;5645.42
473;2046;44CK0136/KAGURU/XBB030;44CK0136/KAGURU/XBB030/;XBB030;XBB030;44CK0136;AA;10;617;30;10;617;62;380;62;19;2;05-Sep-17;2016-2017;4689.2
474;2047;44CK0140/KANDIGI/XBB064F02;44CK0140/KANDIGI/XBB064F02/;XBB064F02;XBB064F02;44CK0140;AA;10;621;30;10;621;160;395;40;19;2;05-Sep-17;2016-2017;4905.9
475;2048;44CK0062/RUGEJU/XBB064F03;44CK0062/RUGEJU/XBB064F03/;XBB064F03;XBB064F03;44CK0062;AA;15;957;30;15;957;78;388;78;19;2;05-Sep-17;2016-2017;7426.32
476;2049;43MC2008/UG1/BULK;43MC2008/UG1/BULK/;BULK;BULK;43MC2008;UG1;8;506;30;8;506;51;161;51;19;2;05-Sep-17;2016-2017;1629.32
477;2050;44CK0105/KIRUAI/XBB012F03;44CK0105/KIRUAI/XBB012F03/;XBB012F03;XBB012F03;44CK0105;UG2;19;1159;30;19;1159;160;131;40;19;2;05-Sep-17;2016-2017;3036.58
478;2051;43MC2009/UG2/BULK;43MC2009/UG2/BULK/;BULK;BULK;43MC2009;UG2;9;543;30;9;543;21;31;21;19;2;05-Sep-17;2016-2017;336.66
479;2052;45CK2004/HE/BULK;45CK2004/HE/BULK/;BULK;BULK;45CK2004;HE;19;981;30;19;981;237;98;13;19;2;05-Sep-17;2016-2017;1922.76
480;2053;30MC2019/HE/BULK;30MC2019/HE/BULK/;BULK;BULK;30MC2019;HE;14;897;30;14;897;74;106;74;19;2;05-Sep-17;2016-2017;1901.64
481;2054;36MC2000/HE/BULK;36MC2000/HE/BULK/;BULK;BULK;36MC2000;HE;5;326;30;5;326;74;105;74;19;2;05-Sep-17;2016-2017;684.6
482;2055;42MC2001/HE/BULK;42MC2001/HE/BULK/;BULK;BULK;42MC2001;HE;5;358;30;5;358;74;109;74;19;2;05-Sep-17;2016-2017;780.44
483;2056;46CK2002/T / BULK;46CK2002/T/BULK/;BULK;BULK;46CK2002;T;18;1107;30;18;1107;21;76;21;19;2;05-Sep-17;2016-2017;1682.64
484;2057;46CK2001/T / BULK;46CK2001/T/BULK/;BULK;BULK;46CK2001;T;53;2676;30;53;2676;237;102;13;19;2;05-Sep-17;2016-2017;5459.04
485;2058;44CK1012/P/BULK;44CK1012/P/BULK/;BULK;BULK;44CK1012;C;66;4008;30;66;4008;151;147;42;19;2;05-Sep-17;2016-2017;11783.52
486;2059;44CK0054/RWANKWARE/XBB 065 F03;44CK0054/RWANKWARE/XBB065F03/;XBB065F03;XBB065F03;44CK0054;C;33;2023;30;33;2023;151;146;42;19;2;05-Sep-17;2016-2017;5907.16
487;2060;44CK0112/GITWA/XBD 020;44CK0112/GITWA/XBD020/;XBD020;XBD020;44CK0112;C;15;942;30;15;942;21;132;21;19;2;05-Sep-17;2016-2017;2486.88
488;2061;44CK0116/MUTINDWA/XBC 006 F01;44CK0116/MUTINDWA/XBC006F01/;XBC006F01;XBC006F01;44CK0116;C;17;1049;30;17;1049;237;133;13;19;2;05-Sep-17;2016-2017;2790.34
489;2062;46CK0002/NUGU/XBB 064 F04;46CK0002/NUGU/XBB064F04/;XBB064F04;XBB064F04;46CK0002;C;12;763;30;12;763;151;140;42;19;2;05-Sep-17;2016-2017;2136.4
490;2063;44CK1012/P/BULK;44CK1012/P/BULK/;BULK;BULK;44CK1012;AB;20;1231;30;20;1231;238;235;57;19;2;05-Sep-17;2016-2017;5785.7
491;2064;44CK0112/GITWA/XBD 020;44CK0112/GITWA/XBD020/;XBD020;XBD020;44CK0112;AB;11;685;30;11;685;238;248;57;19;2;05-Sep-17;2016-2017;3397.6
492;2065;33MC2004/AA/BULK;33MC2004/AA/BULK/;BULK;BULK;33MC2004;AA;5;303;30;5;303;238;319;57;19;2;05-Sep-17;2016-2017;1933.14